dataset,generator,target,seed,arm,n_real_total,n_real_train,n_real_test,n_synthetic,test_size,target_is_hub,hubs,retention_pct,f1_full,accuracy_full,f1_filtered,accuracy_filtered
census_acs,ctgan,household_income,42,A_published,2000,1400,600,2000,0.3,True,household_income|housing_cost|poverty_status|education|household_size,60.3,0.336283185840708,0.5066666666666667,0.3507917708470413,0.5066666666666667
census_acs,ctgan,household_income,42,B_no_hub,2000,1400,600,2000,0.3,False,housing_cost|poverty_status|education|household_size|employment_status,71.45,0.336283185840708,0.5066666666666667,0.335548172757475,0.505
census_acs,ctgan,household_income,42,C_blind,2000,1400,600,2000,0.3,False,housing_cost|poverty_status|education|tenure|employment_status,75.9,0.336283185840708,0.5066666666666667,0.336283185840708,0.5066666666666667
census_acs,vine,household_income,42,A_published,2000,1400,600,2000,0.3,True,household_income|housing_cost|poverty_status|education|household_size,82.19999999999999,0.5748557546310356,0.58,0.6453900709219857,0.6466666666666666
census_acs,vine,household_income,42,B_no_hub,2000,1400,600,2000,0.3,False,housing_cost|poverty_status|education|household_size|employment_status,90.0,0.5748557546310356,0.58,0.5390257853946321,0.5433333333333333
census_acs,vine,household_income,42,C_blind,2000,1400,600,2000,0.3,False,housing_cost|poverty_status|education|tenure|employment_status,92.5,0.5748557546310356,0.58,0.567882624861823,0.57
online_purchases,ctgan,item_total,42,A_published,664,464,200,664,0.3,True,quantity|item_subtotal|item_total|purchase_price|item_tax,31.92771084337349,0.2907801418439716,0.41,0.2907801418439716,0.41
online_purchases,ctgan,item_total,42,B_no_hub,664,464,200,664,0.3,False,quantity|item_subtotal|purchase_price|item_tax|list_price,36.44578313253012,0.2907801418439716,0.41,0.2907801418439716,0.41
online_purchases,ctgan,item_total,42,C_blind,664,464,200,664,0.3,False,quantity|item_subtotal|purchase_price|item_tax|list_price,31.92771084337349,0.2907801418439716,0.41,0.2907801418439716,0.41
online_purchases,vine,item_total,42,A_published,664,464,200,664,0.3,True,quantity|item_subtotal|item_total|purchase_price|item_tax,19.57831325301205,0.3793990766669189,0.385,0.6373758267575781,0.645
online_purchases,vine,item_total,42,B_no_hub,664,464,200,664,0.3,False,quantity|item_subtotal|purchase_price|item_tax|list_price,31.626506024096383,0.3793990766669189,0.385,0.4893617021276595,0.505
online_purchases,vine,item_total,42,C_blind,664,464,200,664,0.3,False,quantity|item_subtotal|purchase_price|item_tax|list_price,25.451807228915666,0.3793990766669189,0.385,0.5383380168606985,0.54
census_acs,ctgan,household_income,43,A_published,2000,1400,600,2000,0.3,True,household_income|poverty_status|housing_cost|education|tenure,54.7,0.33220713825185233,0.485,0.3445749522308292,0.48833333333333334
census_acs,ctgan,household_income,43,B_no_hub,2000,1400,600,2000,0.3,False,poverty_status|housing_cost|education|tenure|employment_status,66.85,0.33220713825185233,0.485,0.34375,0.4866666666666667
census_acs,ctgan,household_income,43,C_blind,2000,1400,600,2000,0.3,False,poverty_status|housing_cost|education|age_group|tenure,72.85000000000001,0.33220713825185233,0.485,0.3259119857952431,0.4716666666666667
census_acs,ctgan,household_income,44,A_published,2000,1400,600,2000,0.3,True,household_income|housing_cost|poverty_status|education|tenure,62.050000000000004,0.3150684931506849,0.46,0.36765614784699424,0.5083333333333333
census_acs,ctgan,household_income,44,B_no_hub,2000,1400,600,2000,0.3,False,housing_cost|poverty_status|education|tenure|household_size,82.1,0.3150684931506849,0.46,0.3161221749832177,0.45666666666666667
census_acs,ctgan,household_income,44,C_blind,2000,1400,600,2000,0.3,False,housing_cost|poverty_status|education|household_size|age_group,91.05,0.3150684931506849,0.46,0.3281075027995521,0.48833333333333334
census_acs,ctgan,household_income,45,A_published,2000,1400,600,2000,0.3,True,household_income|housing_cost|poverty_status|tenure|education,64.5,0.34357377819548873,0.5033333333333333,0.39521119182136133,0.5316666666666666
census_acs,ctgan,household_income,45,B_no_hub,2000,1400,600,2000,0.3,False,housing_cost|poverty_status|tenure|education|age_group,78.7,0.34357377819548873,0.5033333333333333,0.3486793863495852,0.49666666666666665
census_acs,ctgan,household_income,45,C_blind,2000,1400,600,2000,0.3,False,poverty_status|housing_cost|household_size|education|age_group,93.8,0.34357377819548873,0.5033333333333333,0.33916823308270677,0.5
census_acs,ctgan,household_income,46,A_published,2000,1400,600,2000,0.3,True,household_income|poverty_status|housing_cost|education|tenure,70.85000000000001,0.3429940056669589,0.515,0.3392070484581498,0.5133333333333333
census_acs,ctgan,household_income,46,B_no_hub,2000,1400,600,2000,0.3,False,poverty_status|housing_cost|education|tenure|household_size,79.80000000000001,0.3429940056669589,0.515,0.3429940056669589,0.515
census_acs,ctgan,household_income,46,C_blind,2000,1400,600,2000,0.3,False,poverty_status|housing_cost|education|tenure|age_group,93.89999999999999,0.3429940056669589,0.515,0.3392070484581498,0.5133333333333333
census_acs,ctgan,household_income,47,A_published,2000,1400,600,2000,0.3,True,household_income|poverty_status|housing_cost|education|tenure,68.65,0.33095790700968697,0.48833333333333334,0.3288590604026846,0.49
census_acs,ctgan,household_income,47,B_no_hub,2000,1400,600,2000,0.3,False,poverty_status|housing_cost|education|tenure|household_size,80.80000000000001,0.33095790700968697,0.48833333333333334,0.3273542600896861,0.4866666666666667
census_acs,ctgan,household_income,47,C_blind,2000,1400,600,2000,0.3,False,poverty_status|housing_cost|education|tenure|age_group,87.75,0.33095790700968697,0.48833333333333334,0.33298683298683296,0.4866666666666667
census_acs,ctgan,household_income,48,A_published,2000,1400,600,2000,0.3,True,household_income|poverty_status|housing_cost|education|tenure,52.449999999999996,0.33034774185396804,0.47,0.4280764303942259,0.525
census_acs,ctgan,household_income,48,B_no_hub,2000,1400,600,2000,0.3,False,poverty_status|housing_cost|education|tenure|household_size,66.10000000000001,0.33034774185396804,0.47,0.3368416549009541,0.48333333333333334
census_acs,ctgan,household_income,48,C_blind,2000,1400,600,2000,0.3,False,poverty_status|housing_cost|education|tenure|household_size,81.45,0.33034774185396804,0.47,0.3387710406985723,0.4766666666666667
census_acs,ctgan,household_income,49,A_published,2000,1400,600,2000,0.3,True,household_income|housing_cost|poverty_status|education|household_size,71.15,0.338527611461067,0.505,0.35759462233848804,0.515
census_acs,ctgan,household_income,49,B_no_hub,2000,1400,600,2000,0.3,False,housing_cost|poverty_status|education|household_size|age_group,76.3,0.338527611461067,0.505,0.3466666666666667,0.51
census_acs,ctgan,household_income,49,C_blind,2000,1400,600,2000,0.3,False,housing_cost|poverty_status|education|household_size|age_group,93.60000000000001,0.338527611461067,0.505,0.3333333333333333,0.5
census_acs,ctgan,household_income,50,A_published,2000,1400,600,2000,0.3,True,household_income|poverty_status|housing_cost|education|tenure,71.2,0.5607419756026567,0.585,0.6792390545439673,0.695
census_acs,ctgan,household_income,50,B_no_hub,2000,1400,600,2000,0.3,False,poverty_status|housing_cost|education|tenure|household_size,85.85000000000001,0.5607419756026567,0.585,0.5701954416838787,0.6
census_acs,ctgan,household_income,50,C_blind,2000,1400,600,2000,0.3,False,poverty_status|housing_cost|education|tenure|age_group,92.65,0.5607419756026567,0.585,0.5663270661696123,0.5983333333333334
census_acs,ctgan,household_income,51,A_published,2000,1400,600,2000,0.3,True,household_income|housing_cost|poverty_status|education|household_size,66.35,0.37541863479387944,0.40166666666666667,0.48172757475083056,0.5233333333333333
census_acs,ctgan,household_income,51,B_no_hub,2000,1400,600,2000,0.3,False,housing_cost|poverty_status|education|household_size|tenure,80.05,0.37541863479387944,0.40166666666666667,0.3557164801404433,0.3883333333333333
census_acs,ctgan,household_income,51,C_blind,2000,1400,600,2000,0.3,False,housing_cost|poverty_status|education|household_size|age_group,85.05,0.37541863479387944,0.40166666666666667,0.428451707521475,0.43166666666666664
census_acs,vine,household_income,43,A_published,2000,1400,600,2000,0.3,True,household_income|poverty_status|housing_cost|education|tenure,79.14999999999999,0.5466091888319748,0.5483333333333333,0.6376811594202898,0.64
census_acs,vine,household_income,43,B_no_hub,2000,1400,600,2000,0.3,False,poverty_status|housing_cost|education|tenure|employment_status,88.05,0.5466091888319748,0.5483333333333333,0.5675826086956521,0.5683333333333334
census_acs,vine,household_income,43,C_blind,2000,1400,600,2000,0.3,False,poverty_status|housing_cost|education|age_group|tenure,95.8,0.5466091888319748,0.5483333333333333,0.5355239711855961,0.5416666666666666
census_acs,vine,household_income,44,A_published,2000,1400,600,2000,0.3,True,household_income|housing_cost|poverty_status|education|tenure,77.85,0.44166511573643263,0.44166666666666665,0.6366303296996366,0.6366666666666667
census_acs,vine,household_income,44,B_no_hub,2000,1400,600,2000,0.3,False,housing_cost|poverty_status|education|tenure|household_size,87.1,0.44166511573643263,0.44166666666666665,0.45313915406591876,0.455
census_acs,vine,household_income,44,C_blind,2000,1400,600,2000,0.3,False,housing_cost|poverty_status|education|household_size|age_group,93.05,0.44166511573643263,0.44166666666666665,0.3881956773607395,0.3883333333333333
census_acs,vine,household_income,45,A_published,2000,1400,600,2000,0.3,True,household_income|housing_cost|poverty_status|tenure|education,79.45,0.45972716221691956,0.4666666666666667,0.6950265874257116,0.6966666666666667
census_acs,vine,household_income,45,B_no_hub,2000,1400,600,2000,0.3,False,housing_cost|poverty_status|tenure|education|age_group,90.10000000000001,0.45972716221691956,0.4666666666666667,0.5129421807135146,0.515
census_acs,vine,household_income,45,C_blind,2000,1400,600,2000,0.3,False,poverty_status|housing_cost|household_size|education|age_group,95.85000000000001,0.45972716221691956,0.4666666666666667,0.4927408006606166,0.49833333333333335
census_acs,vine,household_income,46,A_published,2000,1400,600,2000,0.3,True,household_income|poverty_status|housing_cost|education|tenure,78.2,0.513198110586274,0.5133333333333333,0.6488226554409977,0.6533333333333333
census_acs,vine,household_income,46,B_no_hub,2000,1400,600,2000,0.3,False,poverty_status|housing_cost|education|tenure|household_size,88.3,0.513198110586274,0.5133333333333333,0.5359499205642313,0.5383333333333333
census_acs,vine,household_income,46,C_blind,2000,1400,600,2000,0.3,False,poverty_status|housing_cost|education|tenure|age_group,95.5,0.513198110586274,0.5133333333333333,0.4944196428571428,0.49666666666666665
census_acs,vine,household_income,47,A_published,2000,1400,600,2000,0.3,True,household_income|poverty_status|housing_cost|education|tenure,79.4,0.4508694566935685,0.4683333333333333,0.6016810314124938,0.6116666666666667
census_acs,vine,household_income,47,B_no_hub,2000,1400,600,2000,0.3,False,poverty_status|housing_cost|education|tenure|household_size,88.5,0.4508694566935685,0.4683333333333333,0.4359069594688704,0.46
census_acs,vine,household_income,47,C_blind,2000,1400,600,2000,0.3,False,poverty_status|housing_cost|education|tenure|age_group,94.19999999999999,0.4508694566935685,0.4683333333333333,0.44822127025516856,0.47333333333333333
census_acs,vine,household_income,48,A_published,2000,1400,600,2000,0.3,True,household_income|poverty_status|housing_cost|education|tenure,74.6,0.4565217391304348,0.46,0.5980303487086724,0.6
census_acs,vine,household_income,48,B_no_hub,2000,1400,600,2000,0.3,False,poverty_status|housing_cost|education|tenure|household_size,86.7,0.4565217391304348,0.46,0.40279584959797154,0.4033333333333333
census_acs,vine,household_income,48,C_blind,2000,1400,600,2000,0.3,False,poverty_status|housing_cost|education|tenure|household_size,94.65,0.4565217391304348,0.46,0.42255699329098007,0.42333333333333334
census_acs,vine,household_income,49,A_published,2000,1400,600,2000,0.3,True,household_income|housing_cost|poverty_status|education|household_size,76.85,0.495743415486764,0.49833333333333335,0.6097875509999889,0.61
census_acs,vine,household_income,49,B_no_hub,2000,1400,600,2000,0.3,False,housing_cost|poverty_status|education|household_size|age_group,85.6,0.495743415486764,0.49833333333333335,0.48142322368000534,0.4816666666666667
census_acs,vine,household_income,49,C_blind,2000,1400,600,2000,0.3,False,housing_cost|poverty_status|education|household_size|age_group,96.25,0.495743415486764,0.49833333333333335,0.4598765432098766,0.4633333333333333
census_acs,vine,household_income,50,A_published,2000,1400,600,2000,0.3,True,household_income|poverty_status|housing_cost|education|tenure,82.69999999999999,0.47154776491377226,0.4716666666666667,0.6013466366054971,0.6016666666666667
census_acs,vine,household_income,50,B_no_hub,2000,1400,600,2000,0.3,False,poverty_status|housing_cost|education|tenure|household_size,91.5,0.47154776491377226,0.4716666666666667,0.4785166696380817,0.48
census_acs,vine,household_income,50,C_blind,2000,1400,600,2000,0.3,False,poverty_status|housing_cost|education|tenure|age_group,94.8,0.47154776491377226,0.4716666666666667,0.47154776491377226,0.4716666666666667
census_acs,vine,household_income,51,A_published,2000,1400,600,2000,0.3,True,household_income|housing_cost|poverty_status|education|household_size,79.14999999999999,0.3975953876832453,0.3983333333333333,0.5749704840613932,0.575
census_acs,vine,household_income,51,B_no_hub,2000,1400,600,2000,0.3,False,housing_cost|poverty_status|education|household_size|tenure,86.05000000000001,0.3975953876832453,0.3983333333333333,0.4449614556566428,0.445
census_acs,vine,household_income,51,C_blind,2000,1400,600,2000,0.3,False,housing_cost|poverty_status|education|household_size|age_group,93.35,0.3975953876832453,0.3983333333333333,0.39162441836238626,0.39166666666666666
online_purchases,ctgan,item_total,43,A_published,664,464,200,664,0.3,True,quantity|item_subtotal|item_total|purchase_price|item_tax,18.67469879518072,0.40379268017735914,0.405,0.9798366770843835,0.98
online_purchases,ctgan,item_total,43,B_no_hub,664,464,200,664,0.3,False,quantity|item_subtotal|purchase_price|item_tax|list_price,39.30722891566265,0.40379268017735914,0.405,0.6391995781410452,0.675
online_purchases,ctgan,item_total,43,C_blind,664,464,200,664,0.3,False,quantity|item_subtotal|purchase_price|item_tax|list_price,28.012048192771083,0.40379268017735914,0.405,0.42985443628749465,0.435
online_purchases,ctgan,item_total,44,A_published,664,464,200,664,0.3,True,quantity|item_subtotal|item_total|purchase_price|item_tax,18.67469879518072,0.5334329375376792,0.555,0.8323809523809524,0.835
online_purchases,ctgan,item_total,44,B_no_hub,664,464,200,664,0.3,False,quantity|item_subtotal|purchase_price|item_tax|list_price,33.8855421686747,0.5334329375376792,0.555,0.6332650199546974,0.66
online_purchases,ctgan,item_total,44,C_blind,664,464,200,664,0.3,False,quantity|purchase_price|item_subtotal|item_tax|list_price,30.873493975903614,0.5334329375376792,0.555,0.6305418719211823,0.64
online_purchases,ctgan,item_total,45,A_published,664,464,200,664,0.3,True,quantity|item_subtotal|item_total|purchase_price|item_tax,16.867469879518072,0.5213675213675214,0.58,0.96999699969997,0.97
online_purchases,ctgan,item_total,45,B_no_hub,664,464,200,664,0.3,False,quantity|item_subtotal|purchase_price|item_tax|list_price,36.295180722891565,0.5213675213675214,0.58,0.8217514196226223,0.825
online_purchases,ctgan,item_total,45,C_blind,664,464,200,664,0.3,False,quantity|purchase_price|item_subtotal|item_tax|list_price,26.506024096385545,0.5213675213675214,0.58,0.75,0.76
online_purchases,ctgan,item_total,46,A_published,664,464,200,664,0.3,True,quantity|item_subtotal|item_total|purchase_price|item_tax,21.837349397590362,0.46357989836250707,0.62,0.3670886075949367,0.58
online_purchases,ctgan,item_total,46,B_no_hub,664,464,200,664,0.3,False,quantity|item_subtotal|purchase_price|item_tax|list_price,27.40963855421687,0.46357989836250707,0.62,0.36507936507936506,0.575
online_purchases,ctgan,item_total,46,C_blind,664,464,200,664,0.3,False,quantity|item_subtotal|purchase_price|item_tax|list_price,13.855421686746988,0.46357989836250707,0.62,0.4966274036041478,0.625
online_purchases,ctgan,item_total,47,A_published,664,464,200,664,0.3,True,quantity|item_subtotal|item_total|purchase_price|item_tax,26.656626506024097,0.32432432432432434,0.48,0.32432432432432434,0.48
online_purchases,ctgan,item_total,47,B_no_hub,664,464,200,664,0.3,False,quantity|item_subtotal|purchase_price|item_tax|list_price,33.13253012048193,0.32432432432432434,0.48,0.32432432432432434,0.48
online_purchases,ctgan,item_total,47,C_blind,664,464,200,664,0.3,False,quantity|item_subtotal|purchase_price|item_tax|list_price,28.313253012048197,0.32432432432432434,0.48,0.32432432432432434,0.48
online_purchases,ctgan,item_total,48,A_published,664,464,200,664,0.3,True,quantity|item_subtotal|item_total|purchase_price|item_tax,10.843373493975903,0.47987336047037543,0.54,0.8899559823929573,0.89
online_purchases,ctgan,item_total,48,B_no_hub,664,464,200,664,0.3,False,quantity|item_subtotal|purchase_price|item_tax|list_price,20.783132530120483,0.47987336047037543,0.54,0.7162673392181589,0.73
online_purchases,ctgan,item_total,48,C_blind,664,464,200,664,0.3,False,quantity|item_subtotal|purchase_price|item_tax|list_price,17.620481927710845,0.47987336047037543,0.54,0.6197394931751752,0.665
online_purchases,ctgan,item_total,49,A_published,664,464,200,664,0.3,True,quantity|item_subtotal|item_total|purchase_price|item_tax,15.36144578313253,0.3466666666666667,0.51,0.5388245388245388,0.57
online_purchases,ctgan,item_total,49,B_no_hub,664,464,200,664,0.3,False,quantity|item_subtotal|purchase_price|item_tax|list_price,20.481927710843372,0.3466666666666667,0.51,0.33485888634630057,0.455
online_purchases,ctgan,item_total,49,C_blind,664,464,200,664,0.3,False,quantity|item_subtotal|purchase_price|item_tax|list_price,18.82530120481928,0.3466666666666667,0.51,0.34548854604955587,0.44
online_purchases,ctgan,item_total,50,A_published,664,464,200,664,0.3,True,quantity|item_subtotal|item_total|purchase_price|item_tax,18.97590361445783,0.3946571917357547,0.54,0.5348977681133158,0.615
online_purchases,ctgan,item_total,50,B_no_hub,664,464,200,664,0.3,False,quantity|item_subtotal|purchase_price|item_tax|list_price,24.096385542168676,0.3946571917357547,0.54,0.3946571917357547,0.54
online_purchases,ctgan,item_total,50,C_blind,664,464,200,664,0.3,False,quantity|item_subtotal|purchase_price|item_tax|list_price,20.632530120481928,0.3946571917357547,0.54,0.6208639705882353,0.67
online_purchases,ctgan,item_total,51,A_published,664,464,200,664,0.3,True,quantity|item_subtotal|item_total|purchase_price|item_tax,16.265060240963855,0.33554817275747506,0.505,0.4775615626192363,0.555
online_purchases,ctgan,item_total,51,B_no_hub,664,464,200,664,0.3,False,quantity|item_subtotal|purchase_price|item_tax|list_price,31.32530120481928,0.33554817275747506,0.505,0.39673982800667434,0.53
online_purchases,ctgan,item_total,51,C_blind,664,464,200,664,0.3,False,quantity|item_subtotal|purchase_price|item_tax|list_price,19.728915662650603,0.33554817275747506,0.505,0.426474669297894,0.535
online_purchases,vine,item_total,43,A_published,664,464,200,664,0.3,True,quantity|item_subtotal|item_total|purchase_price|item_tax,16.566265060240966,0.5098039215686274,0.51,0.8498648783905515,0.85
online_purchases,vine,item_total,43,B_no_hub,664,464,200,664,0.3,False,quantity|item_subtotal|purchase_price|item_tax|list_price,29.066265060240966,0.5098039215686274,0.51,0.5947467166979362,0.595
online_purchases,vine,item_total,43,C_blind,664,464,200,664,0.3,False,quantity|item_subtotal|purchase_price|item_tax|list_price,19.126506024096386,0.5098039215686274,0.51,0.42533198726411425,0.445
online_purchases,vine,item_total,44,A_published,664,464,200,664,0.3,True,quantity|item_subtotal|item_total|purchase_price|item_tax,15.512048192771086,0.5849896247406186,0.585,0.9248478168290788,0.925
online_purchases,vine,item_total,44,B_no_hub,664,464,200,664,0.3,False,quantity|item_subtotal|purchase_price|item_tax|list_price,30.57228915662651,0.5849896247406186,0.585,0.8149583656322672,0.815
online_purchases,vine,item_total,44,C_blind,664,464,200,664,0.3,False,quantity|purchase_price|item_subtotal|item_tax|list_price,26.506024096385545,0.5849896247406186,0.585,0.8297275641025641,0.83
online_purchases,vine,item_total,45,A_published,664,464,200,664,0.3,True,quantity|item_subtotal|item_total|purchase_price|item_tax,17.92168674698795,0.46,0.46,0.9194847020933977,0.92
online_purchases,vine,item_total,45,B_no_hub,664,464,200,664,0.3,False,quantity|item_subtotal|purchase_price|item_tax|list_price,34.18674698795181,0.46,0.46,0.5628703094140882,0.585
online_purchases,vine,item_total,45,C_blind,664,464,200,664,0.3,False,quantity|purchase_price|item_subtotal|item_tax|list_price,25.602409638554217,0.46,0.46,0.42985443628749465,0.435
online_purchases,vine,item_total,46,A_published,664,464,200,664,0.3,True,quantity|item_subtotal|item_total|purchase_price|item_tax,12.198795180722891,0.45433155615629145,0.455,0.8924152770306617,0.895
online_purchases,vine,item_total,46,B_no_hub,664,464,200,664,0.3,False,quantity|item_subtotal|purchase_price|item_tax|list_price,20.783132530120483,0.45433155615629145,0.455,0.5151515151515151,0.52
online_purchases,vine,item_total,46,C_blind,664,464,200,664,0.3,False,quantity|item_subtotal|purchase_price|item_tax|list_price,16.716867469879517,0.45433155615629145,0.455,0.3998575933272302,0.41
online_purchases,vine,item_total,47,A_published,664,464,200,664,0.3,True,quantity|item_subtotal|item_total|purchase_price|item_tax,17.319277108433734,0.4348728463904379,0.435,0.6921182266009853,0.7
online_purchases,vine,item_total,47,B_no_hub,664,464,200,664,0.3,False,quantity|item_subtotal|purchase_price|item_tax|list_price,33.28313253012048,0.4348728463904379,0.435,0.6323436831104732,0.635
online_purchases,vine,item_total,47,C_blind,664,464,200,664,0.3,False,quantity|item_subtotal|purchase_price|item_tax|list_price,27.56024096385542,0.4348728463904379,0.435,0.47021872398395514,0.475
online_purchases,vine,item_total,48,A_published,664,464,200,664,0.3,True,quantity|item_subtotal|item_total|purchase_price|item_tax,16.867469879518072,0.38,0.38,0.6637242538881883,0.68
online_purchases,vine,item_total,48,B_no_hub,664,464,200,664,0.3,False,quantity|item_subtotal|purchase_price|item_tax|list_price,27.710843373493976,0.38,0.38,0.5520833333333334,0.57
online_purchases,vine,item_total,48,C_blind,664,464,200,664,0.3,False,quantity|item_subtotal|purchase_price|item_tax|list_price,23.94578313253012,0.38,0.38,0.4090544871794872,0.41
online_purchases,vine,item_total,49,A_published,664,464,200,664,0.3,True,quantity|item_subtotal|item_total|purchase_price|item_tax,17.16867469879518,0.399459513562206,0.4,0.7421572840567254,0.745
online_purchases,vine,item_total,49,B_no_hub,664,464,200,664,0.3,False,quantity|item_subtotal|purchase_price|item_tax|list_price,30.72289156626506,0.399459513562206,0.4,0.3564895746244078,0.365
online_purchases,vine,item_total,49,C_blind,664,464,200,664,0.3,False,quantity|item_subtotal|purchase_price|item_tax|list_price,21.536144578313255,0.399459513562206,0.4,0.2897158863545418,0.29
online_purchases,vine,item_total,50,A_published,664,464,200,664,0.3,True,quantity|item_subtotal|item_total|purchase_price|item_tax,13.403614457831326,0.4780978439867244,0.485,0.8839526728726759,0.885
online_purchases,vine,item_total,50,B_no_hub,664,464,200,664,0.3,False,quantity|item_subtotal|purchase_price|item_tax|list_price,24.096385542168676,0.4780978439867244,0.485,0.49866310160427807,0.55
online_purchases,vine,item_total,50,C_blind,664,464,200,664,0.3,False,quantity|item_subtotal|purchase_price|item_tax|list_price,17.16867469879518,0.4780978439867244,0.485,0.5117062013312431,0.525
online_purchases,vine,item_total,51,A_published,664,464,200,664,0.3,True,quantity|item_subtotal|item_total|purchase_price|item_tax,20.632530120481928,0.4978126375190909,0.515,0.8553121124431583,0.86
online_purchases,vine,item_total,51,B_no_hub,664,464,200,664,0.3,False,quantity|item_subtotal|purchase_price|item_tax|list_price,34.036144578313255,0.4978126375190909,0.515,0.525101763907734,0.58
online_purchases,vine,item_total,51,C_blind,664,464,200,664,0.3,False,quantity|item_subtotal|purchase_price|item_tax|list_price,21.385542168674696,0.4978126375190909,0.515,0.5078193220608082,0.535
