dataset,generator,seed,target,task,hif_score,violation_rate,ks_score,tstr_score,trr_score,tstr_ratio,time_s
supermarket_sales,gaussian,42,unit_price,regression,0.9659,0.03,77.37142857142855,0.7727,0.9939,0.7774,1.5
supermarket_sales,gaussian,42,gross_income,regression,0.9659,0.03,77.37142857142855,0.9999,0.9999,1.0,1.5
supermarket_sales,gaussian,42,branch,classification,0.9659,0.03,77.37142857142855,0.3268,0.3396,0.9621,1.5
supermarket_sales,gaussian,42,product_line,classification,0.9659,0.03,77.37142857142855,0.1352,0.1655,0.8167,1.5
supermarket_sales,gaussian,42,customer_type,classification,0.9659,0.03,77.37142857142855,0.4532,0.5199,0.8718,1.5
supermarket_sales,gaussian,42,payment,classification,0.9659,0.03,77.37142857142855,0.3094,0.337,0.9182,1.5
supermarket_sales,gaussian,42,gender,classification,0.9659,0.03,77.37142857142855,0.5385,0.5599,0.9617,1.5
supermarket_sales,gaussian,43,unit_price,regression,0.9403,0.056,75.74285714285715,0.6245,0.9886,0.6317,0.0
supermarket_sales,gaussian,43,gross_income,regression,0.9403,0.056,75.74285714285715,0.9998,0.9975,1.0023,0.0
supermarket_sales,gaussian,43,branch,classification,0.9403,0.056,75.74285714285715,0.346,0.3869,0.8942,0.0
supermarket_sales,gaussian,43,product_line,classification,0.9403,0.056,75.74285714285715,0.103,0.167,0.6167,0.0
supermarket_sales,gaussian,43,customer_type,classification,0.9403,0.056,75.74285714285715,0.5059,0.4973,1.0173,0.0
supermarket_sales,gaussian,43,payment,classification,0.9403,0.056,75.74285714285715,0.3318,0.3238,1.0245,0.0
supermarket_sales,gaussian,43,gender,classification,0.9403,0.056,75.74285714285715,0.4327,0.4865,0.8895,0.0
supermarket_sales,gaussian,44,unit_price,regression,0.9781,0.014,76.31428571428572,0.7442,0.9924,0.7499,0.0
supermarket_sales,gaussian,44,gross_income,regression,0.9781,0.014,76.31428571428572,0.9998,0.9999,0.9999,0.0
supermarket_sales,gaussian,44,branch,classification,0.9781,0.014,76.31428571428572,0.3643,0.362,1.0064,0.0
supermarket_sales,gaussian,44,product_line,classification,0.9781,0.014,76.31428571428572,0.1464,0.1505,0.9728,0.0
supermarket_sales,gaussian,44,customer_type,classification,0.9781,0.014,76.31428571428572,0.4989,0.5097,0.9789,0.0
supermarket_sales,gaussian,44,payment,classification,0.9781,0.014,76.31428571428572,0.3278,0.3461,0.9471,0.0
supermarket_sales,gaussian,44,gender,classification,0.9781,0.014,76.31428571428572,0.4064,0.4257,0.9546,0.0
supermarket_sales,ctgan,42,unit_price,regression,0.5106,0.476,62.142857142857146,-0.9589,0.9939,-0.9648,45.9
supermarket_sales,ctgan,42,gross_income,regression,0.5106,0.476,62.142857142857146,0.0704,0.9999,0.0704,45.9
supermarket_sales,ctgan,42,branch,classification,0.5106,0.476,62.142857142857146,0.2414,0.3396,0.7108,45.9
supermarket_sales,ctgan,42,product_line,classification,0.5106,0.476,62.142857142857146,0.1759,0.1655,1.0629,45.9
supermarket_sales,ctgan,42,customer_type,classification,0.5106,0.476,62.142857142857146,0.5145,0.5199,0.9895,45.9
supermarket_sales,ctgan,42,payment,classification,0.5106,0.476,62.142857142857146,0.3879,0.337,1.1511,45.9
supermarket_sales,ctgan,42,gender,classification,0.5106,0.476,62.142857142857146,0.5385,0.5599,0.9617,45.9
supermarket_sales,ctgan,43,unit_price,regression,0.7066,0.25,65.28571428571429,0.0058,0.9886,0.0058,26.5
supermarket_sales,ctgan,43,gross_income,regression,0.7066,0.25,65.28571428571429,-0.291,0.9975,-0.2918,26.5
supermarket_sales,ctgan,43,branch,classification,0.7066,0.25,65.28571428571429,0.2318,0.3869,0.5991,26.5
supermarket_sales,ctgan,43,product_line,classification,0.7066,0.25,65.28571428571429,0.1309,0.167,0.7836,26.5
supermarket_sales,ctgan,43,customer_type,classification,0.7066,0.25,65.28571428571429,0.5325,0.4973,1.0708,26.5
supermarket_sales,ctgan,43,payment,classification,0.7066,0.25,65.28571428571429,0.2997,0.3238,0.9254,26.5
supermarket_sales,ctgan,43,gender,classification,0.7066,0.25,65.28571428571429,0.5055,0.4865,1.0392,26.5
supermarket_sales,ctgan,44,unit_price,regression,0.1455,0.882,67.68571428571428,-0.201,0.9924,-0.2025,40.7
supermarket_sales,ctgan,44,gross_income,regression,0.1455,0.882,67.68571428571428,-1.0738,0.9999,-1.0739,40.7
supermarket_sales,ctgan,44,branch,classification,0.1455,0.882,67.68571428571428,0.3737,0.362,1.0323,40.7
supermarket_sales,ctgan,44,product_line,classification,0.1455,0.882,67.68571428571428,0.1212,0.1505,0.8055,40.7
supermarket_sales,ctgan,44,customer_type,classification,0.1455,0.882,67.68571428571428,0.4303,0.5097,0.8442,40.7
supermarket_sales,ctgan,44,payment,classification,0.1455,0.882,67.68571428571428,0.2947,0.3461,0.8515,40.7
supermarket_sales,ctgan,44,gender,classification,0.1455,0.882,67.68571428571428,0.5186,0.4257,1.2182,40.7
supermarket_sales,tvae,42,unit_price,regression,0.7433,0.21,38.228571428571435,-0.0123,0.9939,-0.0123,9.5
supermarket_sales,tvae,42,gross_income,regression,0.7433,0.21,38.228571428571435,-0.2918,0.9999,-0.2918,9.5
supermarket_sales,tvae,42,branch,classification,0.7433,0.21,38.228571428571435,0.2988,0.3396,0.8798,9.5
supermarket_sales,tvae,42,product_line,classification,0.7433,0.21,38.228571428571435,0.1051,0.1655,0.6348,9.5
supermarket_sales,tvae,42,customer_type,classification,0.7433,0.21,38.228571428571435,0.4283,0.5199,0.8237,9.5
supermarket_sales,tvae,42,payment,classification,0.7433,0.21,38.228571428571435,0.1741,0.337,0.5165,9.5
supermarket_sales,tvae,42,gender,classification,0.7433,0.21,38.228571428571435,0.4518,0.5599,0.807,9.5
supermarket_sales,tvae,43,unit_price,regression,0.7692,0.2,43.885714285714286,-0.3149,0.9886,-0.3186,4.2
supermarket_sales,tvae,43,gross_income,regression,0.7692,0.2,43.885714285714286,-0.0506,0.9975,-0.0507,4.2
supermarket_sales,tvae,43,branch,classification,0.7692,0.2,43.885714285714286,0.2545,0.3869,0.6579,4.2
supermarket_sales,tvae,43,product_line,classification,0.7692,0.2,43.885714285714286,0.0939,0.167,0.562,4.2
supermarket_sales,tvae,43,customer_type,classification,0.7692,0.2,43.885714285714286,0.5133,0.4973,1.0322,4.2
supermarket_sales,tvae,43,payment,classification,0.7692,0.2,43.885714285714286,0.255,0.3238,0.7875,4.2
supermarket_sales,tvae,43,gender,classification,0.7692,0.2,43.885714285714286,0.442,0.4865,0.9086,4.2
supermarket_sales,tvae,44,unit_price,regression,0.703,0.28,39.51428571428572,-0.7403,0.9924,-0.746,2.1
supermarket_sales,tvae,44,gross_income,regression,0.703,0.28,39.51428571428572,-0.3019,0.9999,-0.3019,2.1
supermarket_sales,tvae,44,branch,classification,0.703,0.28,39.51428571428572,0.1759,0.362,0.4858,2.1
supermarket_sales,tvae,44,product_line,classification,0.703,0.28,39.51428571428572,0.1202,0.1505,0.7985,2.1
supermarket_sales,tvae,44,customer_type,classification,0.703,0.28,39.51428571428572,0.5149,0.5097,1.0103,2.1
supermarket_sales,tvae,44,payment,classification,0.703,0.28,39.51428571428572,0.2114,0.3461,0.6107,2.1
supermarket_sales,tvae,44,gender,classification,0.703,0.28,39.51428571428572,0.475,0.4257,1.1158,2.1
online_purchases,gaussian,42,list_price,regression,0.7869,0.196,72.53333333333333,0.2544,0.5275,0.4823,0.0
online_purchases,gaussian,42,purchase_price,regression,0.7869,0.196,72.53333333333333,0.3414,0.664,0.5142,0.0
online_purchases,gaussian,42,category,classification,0.7869,0.196,72.53333333333333,,,,0.0
online_purchases,gaussian,43,list_price,regression,0.7717,0.206,75.76666666666667,0.3877,0.2737,1.4163,0.0
online_purchases,gaussian,43,purchase_price,regression,0.7717,0.206,75.76666666666667,0.8522,0.9515,0.8956,0.0
online_purchases,gaussian,43,category,classification,0.7717,0.206,75.76666666666667,,,,0.0
online_purchases,gaussian,44,list_price,regression,0.7904,0.194,79.53333333333335,0.4974,0.6344,0.7841,0.0
online_purchases,gaussian,44,purchase_price,regression,0.7904,0.194,79.53333333333335,0.4914,0.613,0.8016,0.0
online_purchases,gaussian,44,category,classification,0.7904,0.194,79.53333333333335,,,,0.0
online_purchases,ctgan,42,list_price,regression,0.585,0.422,70.43333333333334,-0.0037,0.5275,-0.007,16.6
online_purchases,ctgan,42,purchase_price,regression,0.585,0.422,70.43333333333334,-0.0054,0.664,-0.0081,16.6
online_purchases,ctgan,42,category,classification,0.585,0.422,70.43333333333334,,,,16.6
online_purchases,ctgan,43,list_price,regression,0.6717,0.328,59.633333333333326,-0.5888,0.2737,-2.1511,15.7
online_purchases,ctgan,43,purchase_price,regression,0.6717,0.328,59.633333333333326,-0.0769,0.9515,-0.0808,15.7
online_purchases,ctgan,43,category,classification,0.6717,0.328,59.633333333333326,,,,15.7
online_purchases,ctgan,44,list_price,regression,0.6152,0.368,63.13333333333333,-0.0066,0.6344,-0.0103,17.6
online_purchases,ctgan,44,purchase_price,regression,0.6152,0.368,63.13333333333333,0.1155,0.613,0.1885,17.6
online_purchases,ctgan,44,category,classification,0.6152,0.368,63.13333333333333,,,,17.6
online_purchases,tvae,42,list_price,regression,0.8684,0.138,74.39999999999999,-0.0363,0.5275,-0.0688,2.4
online_purchases,tvae,42,purchase_price,regression,0.8684,0.138,74.39999999999999,-0.0135,0.664,-0.0203,2.4
online_purchases,tvae,42,category,classification,0.8684,0.138,74.39999999999999,,,,2.4
online_purchases,tvae,43,list_price,regression,0.9218,0.082,75.56666666666666,0.0124,0.2737,0.0452,2.4
online_purchases,tvae,43,purchase_price,regression,0.9218,0.082,75.56666666666666,-0.0044,0.9515,-0.0047,2.4
online_purchases,tvae,43,category,classification,0.9218,0.082,75.56666666666666,,,,2.4
online_purchases,tvae,44,list_price,regression,0.8856,0.12,72.33333333333333,-0.0547,0.6344,-0.0862,4.8
online_purchases,tvae,44,purchase_price,regression,0.8856,0.12,72.33333333333333,-0.0461,0.613,-0.0752,4.8
online_purchases,tvae,44,category,classification,0.8856,0.12,72.33333333333333,,,,4.8
credit,gaussian,42,limit_bal,regression,0.4602,0.514,74.11428571428571,0.0226,0.3281,0.0688,0.0
credit,gaussian,42,bill_amt1,regression,0.4602,0.514,74.11428571428571,0.7871,0.8468,0.9295,0.0
credit,gaussian,42,pay_amt1,regression,0.4602,0.514,74.11428571428571,0.1754,0.1337,1.3119,0.0
credit,gaussian,42,default_payment,classification,0.4602,0.514,74.11428571428571,0.4231,0.5975,0.708,0.0
credit,gaussian,42,education,classification,0.4602,0.514,74.11428571428571,0.21,0.2373,0.8852,0.0
credit,gaussian,42,marriage,classification,0.4602,0.514,74.11428571428571,0.4558,0.4418,1.0317,0.0
credit,gaussian,43,limit_bal,regression,0.3222,0.668,73.27142857142857,0.1229,0.2788,0.4407,0.1
credit,gaussian,43,bill_amt1,regression,0.3222,0.668,73.27142857142857,0.7649,0.8146,0.939,0.1
credit,gaussian,43,pay_amt1,regression,0.3222,0.668,73.27142857142857,-0.3152,-1.004,-0.3139,0.1
credit,gaussian,43,default_payment,classification,0.3222,0.668,73.27142857142857,0.4865,0.5659,0.8597,0.1
credit,gaussian,43,education,classification,0.3222,0.668,73.27142857142857,0.178,0.2508,0.7099,0.1
credit,gaussian,43,marriage,classification,0.3222,0.668,73.27142857142857,0.6664,0.6925,0.9624,0.1
credit,gaussian,44,limit_bal,regression,0.3967,0.588,75.12857142857142,0.1383,0.2997,0.4615,0.1
credit,gaussian,44,bill_amt1,regression,0.3967,0.588,75.12857142857142,0.8259,0.8209,1.0061,0.1
credit,gaussian,44,pay_amt1,regression,0.3967,0.588,75.12857142857142,0.1091,0.1324,0.8241,0.1
credit,gaussian,44,default_payment,classification,0.3967,0.588,75.12857142857142,0.4485,0.5017,0.8941,0.1
credit,gaussian,44,education,classification,0.3967,0.588,75.12857142857142,0.2507,0.2894,0.8664,0.1
credit,gaussian,44,marriage,classification,0.3967,0.588,75.12857142857142,,,,0.1
credit,ctgan,42,limit_bal,regression,0.2958,0.72,67.6,-0.5605,0.3281,-1.7086,33.6
credit,ctgan,42,bill_amt1,regression,0.2958,0.72,67.6,0.2903,0.8468,0.3428,33.6
credit,ctgan,42,pay_amt1,regression,0.2958,0.72,67.6,-0.0202,0.1337,-0.1509,33.6
credit,ctgan,42,default_payment,classification,0.2958,0.72,67.6,0.4884,0.5975,0.8174,33.6
credit,ctgan,42,education,classification,0.2958,0.72,67.6,0.1502,0.2373,0.6329,33.6
credit,ctgan,42,marriage,classification,0.2958,0.72,67.6,0.3671,0.4418,0.8309,33.6
credit,ctgan,43,limit_bal,regression,0.2571,0.754,58.45714285714286,0.153,0.2788,0.5488,21.0
credit,ctgan,43,bill_amt1,regression,0.2571,0.754,58.45714285714286,-0.0388,0.8146,-0.0476,21.0
credit,ctgan,43,pay_amt1,regression,0.2571,0.754,58.45714285714286,-0.1765,-1.004,-0.1758,21.0
credit,ctgan,43,default_payment,classification,0.2571,0.754,58.45714285714286,0.4512,0.5659,0.7973,21.0
credit,ctgan,43,education,classification,0.2571,0.754,58.45714285714286,0.2224,0.2508,0.8868,21.0
credit,ctgan,43,marriage,classification,0.2571,0.754,58.45714285714286,0.4257,0.6925,0.6148,21.0
credit,ctgan,44,limit_bal,regression,0.2087,0.83,63.642857142857146,-0.3914,0.2997,-1.3057,27.0
credit,ctgan,44,bill_amt1,regression,0.2087,0.83,63.642857142857146,-0.8819,0.8209,-1.0743,27.0
credit,ctgan,44,pay_amt1,regression,0.2087,0.83,63.642857142857146,0.04,0.1324,0.3021,27.0
credit,ctgan,44,default_payment,classification,0.2087,0.83,63.642857142857146,0.496,0.5017,0.9887,27.0
credit,ctgan,44,education,classification,0.2087,0.83,63.642857142857146,0.2189,0.2894,0.7565,27.0
credit,ctgan,44,marriage,classification,0.2087,0.83,63.642857142857146,,,,27.0
credit,tvae,42,limit_bal,regression,0.9295,0.072,57.44285714285714,-0.5641,0.3281,-1.7194,5.6
credit,tvae,42,bill_amt1,regression,0.9295,0.072,57.44285714285714,-0.1615,0.8468,-0.1907,5.6
credit,tvae,42,pay_amt1,regression,0.9295,0.072,57.44285714285714,-0.0499,0.1337,-0.3732,5.6
credit,tvae,42,default_payment,classification,0.9295,0.072,57.44285714285714,0.4318,0.5975,0.7227,5.6
credit,tvae,42,education,classification,0.9295,0.072,57.44285714285714,0.1285,0.2373,0.5416,5.6
credit,tvae,42,marriage,classification,0.9295,0.072,57.44285714285714,0.2551,0.4418,0.5775,5.6
credit,tvae,43,limit_bal,regression,0.8074,0.202,62.37142857142857,-0.4995,0.2788,-1.7918,2.6
credit,tvae,43,bill_amt1,regression,0.8074,0.202,62.37142857142857,-0.2465,0.8146,-0.3026,2.6
credit,tvae,43,pay_amt1,regression,0.8074,0.202,62.37142857142857,-0.019,-1.004,-0.0189,2.6
credit,tvae,43,default_payment,classification,0.8074,0.202,62.37142857142857,0.4231,0.5659,0.7477,2.6
credit,tvae,43,education,classification,0.8074,0.202,62.37142857142857,0.1222,0.2508,0.4873,2.6
credit,tvae,43,marriage,classification,0.8074,0.202,62.37142857142857,0.4104,0.6925,0.5927,2.6
credit,tvae,44,limit_bal,regression,0.9982,0.0,58.12857142857143,-0.6773,0.2997,-2.2596,4.4
credit,tvae,44,bill_amt1,regression,0.9982,0.0,58.12857142857143,-0.3549,0.8209,-0.4323,4.4
credit,tvae,44,pay_amt1,regression,0.9982,0.0,58.12857142857143,-0.0413,0.1324,-0.3122,4.4
credit,tvae,44,default_payment,classification,0.9982,0.0,58.12857142857143,0.4485,0.5017,0.8941,4.4
credit,tvae,44,education,classification,0.9982,0.0,58.12857142857143,0.1809,0.2894,0.625,4.4
credit,tvae,44,marriage,classification,0.9982,0.0,58.12857142857143,,,,4.4
adult,gaussian,42,age,regression,0.5693,0.416,66.6,-0.2726,-0.3709,-0.7351,0.0
adult,gaussian,42,hours_per_week,regression,0.5693,0.416,66.6,-0.1562,0.0807,-1.9363,0.0
adult,gaussian,42,income,classification,0.5693,0.416,66.6,0.495,0.634,0.7807,0.0
adult,gaussian,42,workclass,classification,0.5693,0.416,66.6,0.1328,0.174,0.7631,0.0
adult,gaussian,42,occupation,classification,0.5693,0.416,66.6,0.0529,0.0833,0.6349,0.0
adult,gaussian,43,age,regression,0.6787,0.288,67.14999999999999,-0.0347,0.0831,-0.4181,0.0
adult,gaussian,43,hours_per_week,regression,0.6787,0.288,67.14999999999999,-0.1543,0.1998,-0.7724,0.0
adult,gaussian,43,income,classification,0.6787,0.288,67.14999999999999,0.5792,0.5987,0.9674,0.0
adult,gaussian,43,workclass,classification,0.6787,0.288,67.14999999999999,0.179,0.1878,0.9532,0.0
adult,gaussian,43,occupation,classification,0.6787,0.288,67.14999999999999,,,,0.0
adult,gaussian,44,age,regression,0.549,0.43,67.10000000000001,-0.0998,-0.1746,-0.5719,0.0
adult,gaussian,44,hours_per_week,regression,0.549,0.43,67.10000000000001,-0.4556,-0.1877,-2.4264,0.0
adult,gaussian,44,income,classification,0.549,0.43,67.10000000000001,0.4865,0.646,0.7531,0.0
adult,gaussian,44,workclass,classification,0.549,0.43,67.10000000000001,0.1645,0.1569,1.0483,0.0
adult,gaussian,44,occupation,classification,0.549,0.43,67.10000000000001,0.0759,0.1462,0.5189,0.0
adult,ctgan,42,age,regression,0.5349,0.462,67.65,-1.674,-0.3709,-4.5136,19.9
adult,ctgan,42,hours_per_week,regression,0.5349,0.462,67.65,-2.4213,0.0807,-30.0126,19.9
adult,ctgan,42,income,classification,0.5349,0.462,67.65,0.4792,0.634,0.7557,19.9
adult,ctgan,42,workclass,classification,0.5349,0.462,67.65,0.1357,0.174,0.7799,19.9
adult,ctgan,42,occupation,classification,0.5349,0.462,67.65,0.0586,0.0833,0.7038,19.9
adult,ctgan,43,age,regression,0.3282,0.69,54.95,-0.5189,0.0831,-6.2451,50.0
adult,ctgan,43,hours_per_week,regression,0.3282,0.69,54.95,-0.729,0.1998,-3.6486,50.0
adult,ctgan,43,income,classification,0.3282,0.69,54.95,0.4913,0.5987,0.8206,50.0
adult,ctgan,43,workclass,classification,0.3282,0.69,54.95,0.1923,0.1878,1.0239,50.0
adult,ctgan,43,occupation,classification,0.3282,0.69,54.95,,,,50.0
adult,ctgan,44,age,regression,0.4461,0.57,65.25,-0.2154,-0.1746,-1.2338,19.1
adult,ctgan,44,hours_per_week,regression,0.4461,0.57,65.25,-0.3254,-0.1877,-1.7334,19.1
adult,ctgan,44,income,classification,0.4461,0.57,65.25,0.465,0.646,0.7198,19.1
adult,ctgan,44,workclass,classification,0.4461,0.57,65.25,0.1454,0.1569,0.9262,19.1
adult,ctgan,44,occupation,classification,0.4461,0.57,65.25,0.0808,0.1462,0.5525,19.1
adult,tvae,42,age,regression,0.9499,0.05,61.099999999999994,-0.4024,-0.3709,-1.085,3.2
adult,tvae,42,hours_per_week,regression,0.9499,0.05,61.099999999999994,-0.0123,0.0807,-0.152,3.2
adult,tvae,42,income,classification,0.9499,0.05,61.099999999999994,0.4275,0.634,0.6742,3.2
adult,tvae,42,workclass,classification,0.9499,0.05,61.099999999999994,0.138,0.174,0.7932,3.2
adult,tvae,42,occupation,classification,0.9499,0.05,61.099999999999994,0.0631,0.0833,0.7567,3.2
adult,tvae,43,age,regression,0.9975,0.0,61.8,-0.5282,0.0831,-6.3568,4.9
adult,tvae,43,hours_per_week,regression,0.9975,0.0,61.8,-0.0016,0.1998,-0.0079,4.9
adult,tvae,43,income,classification,0.9975,0.0,61.8,0.4361,0.5987,0.7283,4.9
adult,tvae,43,workclass,classification,0.9975,0.0,61.8,0.1365,0.1878,0.7268,4.9
adult,tvae,43,occupation,classification,0.9975,0.0,61.8,,,,4.9
adult,tvae,44,age,regression,0.9927,0.0,60.6,-0.2283,-0.1746,-1.308,4.7
adult,tvae,44,hours_per_week,regression,0.9927,0.0,60.6,-0.0145,-0.1877,-0.0774,4.7
adult,tvae,44,income,classification,0.9927,0.0,60.6,0.4297,0.646,0.6651,4.7
adult,tvae,44,workclass,classification,0.9927,0.0,60.6,0.1454,0.1569,0.9262,4.7
adult,tvae,44,occupation,classification,0.9927,0.0,60.6,0.0536,0.1462,0.3664,4.7
bls,gaussian,42,total_employment,regression,0.7081,0.286,86.725,0.3718,0.8294,0.4482,0.0
bls,gaussian,42,establishments,regression,0.7081,0.286,86.725,0.5584,0.8447,0.661,0.0
bls,gaussian,42,avg_weekly_wage,regression,0.7081,0.286,86.725,0.0597,0.0214,2.7873,0.0
bls,gaussian,42,ownership,classification,0.7081,0.286,86.725,1.0,1.0,1.0,0.0
bls,gaussian,42,quarter,classification,0.7081,0.286,86.725,0.1745,0.3198,0.5455,0.0
bls,gaussian,42,year,classification,0.7081,0.286,86.725,0.1876,0.4192,0.4476,0.0
bls,gaussian,43,total_employment,regression,0.7943,0.158,85.1,-4.5232,0.643,-7.034,0.0
bls,gaussian,43,establishments,regression,0.7943,0.158,85.1,0.1028,0.935,0.1099,0.0
bls,gaussian,43,avg_weekly_wage,regression,0.7943,0.158,85.1,0.0302,-0.0314,0.9605,0.0
bls,gaussian,43,ownership,classification,0.7943,0.158,85.1,1.0,1.0,1.0,0.0
bls,gaussian,43,quarter,classification,0.7943,0.158,85.1,0.2326,0.2357,0.9871,0.0
bls,gaussian,43,year,classification,0.7943,0.158,85.1,0.1815,0.2885,0.6294,0.0
bls,gaussian,44,total_employment,regression,0.695,0.272,84.9,-3.2727,0.8472,-3.8631,0.0
bls,gaussian,44,establishments,regression,0.695,0.272,84.9,0.0308,0.8578,0.0359,0.0
bls,gaussian,44,avg_weekly_wage,regression,0.695,0.272,84.9,0.013,-0.4284,0.0304,0.0
bls,gaussian,44,ownership,classification,0.695,0.272,84.9,1.0,1.0,1.0,0.0
bls,gaussian,44,quarter,classification,0.695,0.272,84.9,0.2509,0.2518,0.9963,0.0
bls,gaussian,44,year,classification,0.695,0.272,84.9,0.2274,0.3058,0.7435,0.0
bls,ctgan,42,total_employment,regression,0.7795,0.194,76.2,-0.056,0.8294,-0.0675,16.5
bls,ctgan,42,establishments,regression,0.7795,0.194,76.2,-0.0638,0.8447,-0.0756,16.5
bls,ctgan,42,avg_weekly_wage,regression,0.7795,0.194,76.2,-0.3771,0.0214,-17.611,16.5
bls,ctgan,42,ownership,classification,0.7795,0.194,76.2,1.0,1.0,1.0,16.5
bls,ctgan,42,quarter,classification,0.7795,0.194,76.2,0.1817,0.3198,0.568,16.5
bls,ctgan,42,year,classification,0.7795,0.194,76.2,0.1212,0.4192,0.2891,16.5
bls,ctgan,43,total_employment,regression,0.6642,0.312,72.725,-0.9372,0.643,-1.4575,16.6
bls,ctgan,43,establishments,regression,0.6642,0.312,72.725,-0.4547,0.935,-0.4864,16.6
bls,ctgan,43,avg_weekly_wage,regression,0.6642,0.312,72.725,-0.0706,-0.0314,-2.2474,16.6
bls,ctgan,43,ownership,classification,0.6642,0.312,72.725,1.0,1.0,1.0,16.6
bls,ctgan,43,quarter,classification,0.6642,0.312,72.725,0.1557,0.2357,0.6608,16.6
bls,ctgan,43,year,classification,0.6642,0.312,72.725,0.1627,0.2885,0.5641,16.6
bls,ctgan,44,total_employment,regression,0.7362,0.248,77.32499999999999,-0.083,0.8472,-0.098,14.0
bls,ctgan,44,establishments,regression,0.7362,0.248,77.32499999999999,0.0001,0.8578,0.0001,14.0
bls,ctgan,44,avg_weekly_wage,regression,0.7362,0.248,77.32499999999999,-0.5651,-0.4284,-1.3191,14.0
bls,ctgan,44,ownership,classification,0.7362,0.248,77.32499999999999,1.0,1.0,1.0,14.0
bls,ctgan,44,quarter,classification,0.7362,0.248,77.32499999999999,0.234,0.2518,0.9291,14.0
bls,ctgan,44,year,classification,0.7362,0.248,77.32499999999999,0.0978,0.3058,0.32,14.0
bls,tvae,42,total_employment,regression,0.6569,0.358,76.875,-0.0463,0.8294,-0.0558,2.2
bls,tvae,42,establishments,regression,0.6569,0.358,76.875,-0.0388,0.8447,-0.0459,2.2
bls,tvae,42,avg_weekly_wage,regression,0.6569,0.358,76.875,-0.5109,0.0214,-23.8614,2.2
bls,tvae,42,ownership,classification,0.6569,0.358,76.875,1.0,1.0,1.0,2.2
bls,tvae,42,quarter,classification,0.6569,0.358,76.875,0.1814,0.3198,0.5672,2.2
bls,tvae,42,year,classification,0.6569,0.358,76.875,0.0944,0.4192,0.2251,2.2
bls,tvae,43,total_employment,regression,0.9402,0.042,79.60000000000001,-0.0348,0.643,-0.0541,1.9
bls,tvae,43,establishments,regression,0.9402,0.042,79.60000000000001,-0.0231,0.935,-0.0247,1.9
bls,tvae,43,avg_weekly_wage,regression,0.9402,0.042,79.60000000000001,-0.1755,-0.0314,-5.5823,1.9
bls,tvae,43,ownership,classification,0.9402,0.042,79.60000000000001,1.0,1.0,1.0,1.9
bls,tvae,43,quarter,classification,0.9402,0.042,79.60000000000001,0.1764,0.2357,0.7485,1.9
bls,tvae,43,year,classification,0.9402,0.042,79.60000000000001,0.104,0.2885,0.3605,1.9
bls,tvae,44,total_employment,regression,0.9531,0.042,75.875,-0.0251,0.8472,-0.0296,2.2
bls,tvae,44,establishments,regression,0.9531,0.042,75.875,-0.0331,0.8578,-0.0386,2.2
bls,tvae,44,avg_weekly_wage,regression,0.9531,0.042,75.875,-0.391,-0.4284,-0.9126,2.2
bls,tvae,44,ownership,classification,0.9531,0.042,75.875,1.0,1.0,1.0,2.2
bls,tvae,44,quarter,classification,0.9531,0.042,75.875,0.1672,0.2518,0.6638,2.2
bls,tvae,44,year,classification,0.9531,0.042,75.875,0.0832,0.3058,0.2721,2.2
