dataset,target,task,generator,seed,n_rows,retention_pct,ks,jcd,mm,tvd,alpha_precision,beta_recall,hif_score,violation_rate,lse_violation_rate,nic_violation_rate,rule_violation_rate,f1_full,f1_hif
adult,income,classification,gaussian,42,2000,89.1,84.12,83.76,92.57,98.26,0.9312149425287356,0.8444,0.8264,0.1085,0.2395,0.0185,0.028,0.5370880634850657,0.5497835497835497
adult,income,classification,gaussian,43,2000,88.9,85.08,84.73,92.91,98.48,0.9424482758620689,0.8402666666666667,0.8258,0.1105,0.2475,0.0225,0.0285,0.6069113716172541,0.5872602757732297
adult,income,classification,gaussian,44,2000,88.0,84.85,84.76,92.51,98.32,0.935148275862069,0.8261333333333333,0.8223,0.12,0.2525,0.0265,0.024,0.578125,0.5702230996348643
adult,income,classification,gaussian,45,2000,90.5,84.92,85.07,93.2,98.56,0.9328977011494253,0.8567333333333333,0.8393,0.095,0.2275,0.0225,0.026,0.5961354515134798,0.5718428470932381
adult,income,classification,gaussian,46,2000,88.6,84.55,83.85,92.39,98.12,0.9367977011494253,0.8472333333333334,0.8196,0.114,0.2615,0.021,0.0275,0.5515611278237635,0.5462134509182757
adult,income,classification,gaussian,47,2000,88.9,85.47,84.73,94.27,98.47,0.940848275862069,0.8226333333333333,0.8254,0.1105,0.24,0.035,0.027,0.5558279200882461,0.5688636900543349
adult,income,classification,gaussian,48,2000,90.0,85.88,84.01,93.97,98.31,0.9367149425287357,0.8321333333333333,0.8325,0.1005,0.2375,0.03,0.022,0.5747851211135542,0.5391898119056595
adult,income,classification,gaussian,49,2000,90.2,84.25,84.36,93.33,98.27,0.9466494252873563,0.8105333333333333,0.8345,0.098,0.2355,0.0245,0.025,0.6071350622036151,0.623501045006942
adult,income,classification,gaussian,50,2000,90.0,85.0,84.62,93.03,98.62,0.9471344827586207,0.8392666666666666,0.8363,0.1,0.2185,0.025,0.0265,0.6360650461520687,0.630402181901602
adult,income,classification,gaussian,51,2000,90.2,84.22,85.26,93.81,98.53,0.9353816091954023,0.8639,0.8353,0.098,0.238,0.018,0.0215,0.6402027947883919,0.6234872254594352
adult,income,classification,vine,42,2000,83.7,98.4,76.52,98.0,98.19,0.9593034482758621,0.8256333333333333,0.7607,0.163,0.3305,0.057,0.046,0.4362377792050239,0.45051024049097266
adult,income,classification,vine,43,2000,85.1,97.2,76.42,95.05,98.48,0.9684494252873563,0.7697666666666666,0.77,0.149,0.3135,0.0545,0.046,0.4386049387444667,0.4547735191637631
adult,income,classification,vine,44,2000,82.2,98.45,76.72,99.09,98.37,0.9570563218390804,0.8032666666666667,0.7574,0.1785,0.3225,0.0535,0.0495,0.4606711647727273,0.4815331010452962
adult,income,classification,vine,45,2000,83.7,98.15,76.72,97.52,98.38,0.957780459770115,0.8055333333333333,0.762,0.163,0.3055,0.062,0.049,0.5029611373237082,0.4954167017071735
adult,income,classification,vine,46,2000,84.8,98.03,77.03,97.33,98.22,0.9675563218390805,0.8109,0.7664,0.152,0.319,0.056,0.041,0.4648690351774742,0.49735954698733853
adult,income,classification,vine,47,2000,84.9,97.97,77.38,97.39,98.18,0.9528896551724138,0.7894666666666666,0.7639,0.151,0.3205,0.061,0.0445,0.44662590917374956,0.44629014396456257
adult,income,classification,vine,48,2000,84.7,97.67,76.47,96.25,98.33,0.959103448275862,0.8242333333333333,0.7631,0.153,0.328,0.0585,0.045,0.4887102946804439,0.48007202195943316
adult,income,classification,vine,49,2000,83.8,98.1,76.3,96.66,98.24,0.9731137931034483,0.78,0.7634,0.1625,0.319,0.056,0.045,0.4686677075808068,0.4654483152484295
adult,income,classification,vine,50,2000,84.2,98.8,76.55,98.31,98.13,0.9750827586206896,0.8097,0.7674,0.1575,0.3215,0.055,0.0455,0.43537003428110504,0.4393016557092284
adult,income,classification,vine,51,2000,83.9,98.45,76.8,97.64,98.86,0.969516091954023,0.7677999999999999,0.7621,0.1615,0.323,0.051,0.047,0.4517369869609705,0.4532115171650055
adult,income,classification,ctgan,42,2000,71.0,61.8,76.63,63.46,92.97,0.8246229885057471,0.7879666666666667,0.6623,0.2905,0.467,0.05,0.0635,0.4387618746811147,0.4356064863841544
adult,income,classification,ctgan,43,2000,70.4,56.45,76.65,60.48,92.29,0.7405137931034482,0.8438022988505747,0.6574,0.296,0.4535,0.053,0.0725,0.44558910462066476,0.43244739756367667
adult,income,classification,ctgan,44,2000,71.4,70.97,77.08,77.34,94.1,0.8560448275862069,0.8343666666666667,0.6625,0.2865,0.459,0.059,0.0695,0.43582055869884107,0.4174757281553398
adult,income,classification,ctgan,45,2000,69.4,79.53,76.88,77.03,92.74,0.7802666666666667,0.7721333333333333,0.6482,0.306,0.434,0.167,0.058,0.46478270177692144,0.47110293378137735
adult,income,classification,ctgan,46,2000,72.4,53.08,76.71,59.03,93.51,0.7583114942528736,0.8001666666666667,0.675,0.276,0.4345,0.0655,0.065,0.45401278409090906,0.5100846217471527
adult,income,classification,ctgan,47,2000,74.2,68.22,76.84,74.07,94.02,0.8799206896551724,0.7667666666666667,0.6836,0.2585,0.4175,0.07,0.0765,0.46322629249458513,0.44672093605535235
adult,income,classification,ctgan,48,2000,69.9,68.83,76.84,72.31,93.52,0.7873999999999999,0.7787,0.6502,0.301,0.4295,0.183,0.0405,0.4382335227819081,0.46167649320687004
adult,income,classification,ctgan,49,2000,67.8,76.72,77.05,72.75,92.38,0.6808333333333333,0.8454,0.6447,0.3225,0.4255,0.1875,0.0625,0.43501406187223784,0.4338357627076556
adult,income,classification,ctgan,50,2000,70.3,71.22,76.34,77.19,93.94,0.8111333333333334,0.7857666666666666,0.6573,0.2965,0.4305,0.1525,0.0645,0.4736391646696337,0.4925253867029198
adult,income,classification,ctgan,51,2000,69.2,74.85,76.99,73.63,91.77,0.8194666666666667,0.8015333333333333,0.6452,0.3075,0.448,0.141,0.0645,0.4380354083380925,0.44910066861286374
adult,income,classification,tvae,42,2000,99.2,87.03,89.84,82.05,89.46,0.6505999999999998,0.7308666666666666,0.9813,0.008,0.007,0.003,0.007,0.7412008281573499,0.7450516849765911
adult,income,classification,tvae,43,2000,99.6,92.42,88.97,88.08,89.92,0.7188666666666667,0.7532666666666666,0.9805,0.0045,0.008,0.006,0.004,0.7726411519514967,0.7799779977997799
adult,income,classification,tvae,44,2000,99.4,88.78,88.97,84.88,88.82,0.6801666666666666,0.77,0.9819,0.0065,0.002,0.004,0.0065,0.7288888888888889,0.7168099824481187
adult,income,classification,tvae,45,2000,99.8,90.22,87.35,82.05,89.74,0.6757333333333333,0.7512,0.9846,0.0025,0.0085,0.006,0.002,0.7484417363110378,0.7480349898580122
adult,income,classification,tvae,46,2000,99.5,89.03,88.93,84.0,89.94,0.6971666666666667,0.7491333333333333,0.9822,0.005,0.0145,0.001,0.004,0.7337454667870422,0.7458316000778533
adult,income,classification,tvae,47,2000,99.5,90.5,91.72,84.22,90.13,0.7024999999999999,0.7746000000000001,0.9785,0.0055,0.0145,0.007,0.0035,0.7385268762677485,0.7428992628992629
adult,income,classification,tvae,48,2000,99.4,92.05,85.38,90.06,89.76,0.7687333333333333,0.7798,0.978,0.006,0.0085,0.009,0.005,0.7385268762677485,0.7275985663082437
adult,income,classification,tvae,49,2000,99.8,93.67,86.96,85.79,90.32,0.7401333333333333,0.7733333333333334,0.9832,0.002,0.0125,0.0075,0.0005,0.7510580034851879,0.7514934289127837
adult,income,classification,tvae,50,2000,99.6,90.12,91.24,83.45,89.71,0.6635666666666667,0.7340666666666666,0.9829,0.004,0.0075,0.0055,0.004,0.7422532791110602,0.735270379338176
adult,income,classification,tvae,51,2000,99.6,90.33,89.42,85.45,89.95,0.7103999999999999,0.7471666666666666,0.9794,0.004,0.0085,0.0065,0.0025,0.7126037176099754,0.6910064139577708
credit,default_payment,classification,gaussian,42,2000,69.2,74.49,82.77,60.68,98.59,0.7227896551724138,0.9521471264367816,0.6098,0.308,0.44,0.2605,0.0825,0.4986522911051213,0.4478792235801582
credit,default_payment,classification,gaussian,43,2000,69.8,74.45,83.09,59.76,98.68,0.7203471264367816,0.9684218390804598,0.6146,0.3015,0.4275,0.271,0.087,0.49145302043002737,0.4633838383838384
credit,default_payment,classification,gaussian,44,2000,69.8,74.55,83.02,60.11,98.64,0.7206896551724138,0.9515482758620689,0.6148,0.3015,0.4395,0.252,0.091,0.4759017572705786,0.4534565963137392
credit,default_payment,classification,gaussian,45,2000,70.5,74.42,82.56,60.39,99.05,0.7264563218390805,0.9612344827586207,0.6132,0.295,0.4375,0.2585,0.0875,0.4414642476844876,0.4534565963137392
credit,default_payment,classification,gaussian,46,2000,68.8,74.86,82.59,60.82,98.34,0.7483229885057472,0.9435689655172413,0.611,0.3115,0.4285,0.26,0.0915,0.46896137372327845,0.47509243354044406
credit,default_payment,classification,gaussian,47,2000,69.2,75.07,82.76,60.72,98.58,0.7373229885057471,0.9402471264367817,0.6152,0.308,0.4405,0.2635,0.0835,0.5346593303247004,0.5363955069955747
credit,default_payment,classification,gaussian,48,2000,69.7,74.89,82.67,60.26,98.5,0.7288471264367816,0.9516310344827587,0.6107,0.303,0.416,0.249,0.089,0.48705808080808083,0.44379974043987885
credit,default_payment,classification,gaussian,49,2000,68.6,74.85,82.83,60.06,98.7,0.7293229885057472,0.9416183908045977,0.6083,0.314,0.4515,0.2595,0.089,0.4861905540120935,0.4595922377794154
credit,default_payment,classification,gaussian,50,2000,68.1,74.7,82.63,61.01,98.66,0.7202896551724137,0.9418666666666666,0.6021,0.319,0.4655,0.257,0.0845,0.4906901331900263,0.45277977597369234
credit,default_payment,classification,gaussian,51,2000,70.8,75.01,82.93,61.3,98.97,0.7379896551724138,0.9596390804597701,0.6189,0.2925,0.4445,0.236,0.09,0.4791666666666667,0.46036695047367787
credit,default_payment,classification,vine,42,2000,43.7,98.24,65.26,92.85,98.41,0.8128068965517241,0.806067816091954,0.3948,0.563,0.6495,0.345,0.2365,0.441340782122905,0.441340782122905
credit,default_payment,classification,vine,43,2000,42.2,97.84,64.95,94.17,98.66,0.8030735632183909,0.8297735632183908,0.3919,0.5775,0.6465,0.34,0.2435,0.4472968244560444,0.4392523364485981
credit,default_payment,classification,vine,44,2000,42.8,98.09,64.99,93.39,98.21,0.7833402298850575,0.8223563218390805,0.3869,0.572,0.64,0.357,0.2495,0.43342776203966005,0.43342776203966005
credit,default_payment,classification,vine,45,2000,44.6,98.09,64.8,94.5,98.64,0.8074735632183908,0.8280563218390804,0.4077,0.5535,0.6325,0.3445,0.22,0.4339622641509434,0.4339622641509434
credit,default_payment,classification,vine,46,2000,44.9,98.08,64.94,96.11,98.55,0.7986068965517241,0.8005643678160919,0.4048,0.5515,0.625,0.3285,0.2425,0.4350282485875706,0.4350282485875706
credit,default_payment,classification,vine,47,2000,45.3,98.25,64.81,94.57,98.29,0.7899735632183909,0.8244149425287356,0.4058,0.547,0.6265,0.346,0.2255,0.4392523364485981,0.4392523364485981
credit,default_payment,classification,vine,48,2000,45.6,98.4,64.82,95.42,98.6,0.8136402298850575,0.7972344827586206,0.4087,0.5445,0.6325,0.3295,0.226,0.44633620129448154,0.4350282485875706
credit,default_payment,classification,vine,49,2000,44.2,98.19,64.88,96.54,98.46,0.7980402298850575,0.8226011494252874,0.4012,0.5575,0.654,0.3305,0.231,0.43872778297474274,0.43872778297474274
credit,default_payment,classification,vine,50,2000,44.5,98.1,65.05,95.38,98.27,0.7925068965517241,0.798667816091954,0.4035,0.5545,0.63,0.343,0.234,0.4323557237464522,0.43289224952741023
credit,default_payment,classification,vine,51,2000,45.4,98.12,64.94,95.44,98.66,0.8131402298850574,0.7987563218390804,0.403,0.546,0.6325,0.35,0.23,0.44341372912801486,0.4423791821561338
credit,default_payment,classification,ctgan,42,2000,34.0,73.01,65.76,59.99,89.54,0.6467402298850575,0.8673310344827586,0.3508,0.6605,0.7765,0.3425,0.1625,0.4722505958461015,0.4612089850185088
credit,default_payment,classification,ctgan,43,2000,40.9,65.99,65.81,60.59,89.56,0.7056471264367816,0.8652367816091954,0.3967,0.5905,0.765,0.244,0.1155,0.45522642151855636,0.46926138876603274
credit,default_payment,classification,ctgan,44,2000,32.8,69.57,65.76,51.69,89.11,0.5862022988505746,0.8614850574712644,0.3404,0.6725,0.7855,0.413,0.1195,0.4301994301994302,0.4575163398692811
credit,default_payment,classification,ctgan,45,2000,39.4,66.85,65.73,51.69,88.69,0.7021471264367817,0.8890367816091954,0.3921,0.606,0.766,0.296,0.104,0.460903942357299,0.456898327621402
credit,default_payment,classification,ctgan,46,2000,30.8,76.48,65.53,66.25,88.69,0.6603068965517241,0.8285482758620689,0.3185,0.6925,0.816,0.3755,0.1755,0.49055775142731667,0.527828008840667
credit,default_payment,classification,ctgan,47,2000,25.3,65.03,65.52,52.51,89.02,0.48100229885057477,0.862067816091954,0.2772,0.747,0.783,0.5935,0.163,0.4539478641941673,0.4457042076089695
credit,default_payment,classification,ctgan,48,2000,31.4,83.64,65.63,57.32,88.84,0.601435632183908,0.8631367816091954,0.3262,0.686,0.798,0.383,0.16,0.4397095959595959,0.44379974043987885
credit,default_payment,classification,ctgan,49,2000,28.0,72.58,65.54,66.6,88.62,0.6219402298850575,0.8640597701149425,0.2948,0.72,0.835,0.368,0.1955,0.4355597365945437,0.4817721768466938
credit,default_payment,classification,ctgan,50,2000,31.1,67.57,65.61,55.03,90.24,0.5981022988505748,0.8616367816091954,0.3143,0.6885,0.8045,0.4245,0.159,0.4318181818181818,0.4301994301994302
credit,default_payment,classification,ctgan,51,2000,30.4,76.29,65.73,71.49,90.97,0.6711735632183908,0.8266666666666667,0.3236,0.696,0.821,0.345,0.167,0.48238677210639824,0.4589060137375491
credit,default_payment,classification,tvae,42,2000,86.7,88.27,90.13,80.22,91.74,0.9632494252873564,0.9400689655172414,0.828,0.1335,0.057,0.118,0.057,0.6029863855950812,0.5679272925926846
credit,default_payment,classification,tvae,43,2000,87.2,87.61,90.17,77.11,91.9,0.9547459770114942,0.9299,0.8361,0.128,0.057,0.1055,0.056,0.5659945360744624,0.5673076923076923
credit,default_payment,classification,tvae,44,2000,87.6,87.54,89.52,81.25,93.57,0.957883908045977,0.9441735632183909,0.8329,0.124,0.0605,0.121,0.049,0.594195180402077,0.5970146847848865
credit,default_payment,classification,tvae,45,2000,85.9,87.87,90.43,75.29,92.59,0.9610781609195402,0.9331666666666667,0.816,0.141,0.0665,0.125,0.061,0.5678524374176548,0.5595534944419845
credit,default_payment,classification,tvae,46,2000,84.8,88.4,90.15,74.32,92.78,0.9518091954022989,0.9426666666666667,0.8116,0.1525,0.064,0.134,0.0545,0.5857978362078964,0.6056795400699173
credit,default_payment,classification,tvae,47,2000,88.6,88.18,90.23,74.57,93.63,0.942480459770115,0.9310333333333334,0.8415,0.114,0.0515,0.1095,0.052,0.5530282337165703,0.5363955069955747
credit,default_payment,classification,tvae,48,2000,85.5,88.36,90.04,78.68,91.34,0.9730264367816092,0.9332666666666667,0.8195,0.145,0.049,0.14,0.052,0.563972128414483,0.5392999606719479
credit,default_payment,classification,tvae,49,2000,86.5,87.22,90.5,79.48,92.45,0.9700885057471265,0.9408333333333333,0.8298,0.135,0.0525,0.1255,0.048,0.5686295833106774,0.5600961538461539
credit,default_payment,classification,tvae,50,2000,85.9,87.91,89.92,78.08,92.23,0.967867816091954,0.9230689655172414,0.8257,0.141,0.0465,0.115,0.0645,0.5976164823325051,0.6078431372549019
credit,default_payment,classification,tvae,51,2000,86.7,86.94,90.71,74.66,92.96,0.9659149425287357,0.9297666666666666,0.826,0.133,0.0755,0.1255,0.0485,0.5287414467903832,0.5137926184879352
census_acs,household_income,classification,gaussian,42,2000,99.4,92.48,88.71,89.05,94.25,0.9323816091954023,0.927135632183908,0.9431,0.0065,0.0445,0.004,0.006,0.9483217057171196,0.941653538712877
census_acs,household_income,classification,gaussian,43,2000,99.2,92.37,88.93,89.04,94.75,0.9109678160919541,0.9376045977011495,0.9378,0.008,0.0475,0.0055,0.0065,0.944974168429068,0.936649069185885
census_acs,household_income,classification,gaussian,44,2000,99.2,92.92,88.89,89.02,95.35,0.9167816091954023,0.9407068965517241,0.9406,0.008,0.044,0.003,0.007,0.934959349593496,0.926614481409002
census_acs,household_income,classification,gaussian,45,2000,99.2,92.81,89.06,89.68,94.7,0.9362482758620689,0.9136666666666666,0.9399,0.0085,0.0455,0.0045,0.0075,0.9333066559957317,0.9282996740136342
census_acs,household_income,classification,gaussian,46,2000,99.0,92.27,89.19,89.15,94.0,0.9469816091954023,0.9165666666666666,0.938,0.01,0.044,0.005,0.0085,0.9383249386722081,0.9366554054054055
census_acs,household_income,classification,gaussian,47,2000,99.2,92.24,88.47,88.57,94.85,0.9397816091954023,0.9268333333333333,0.941,0.008,0.0455,0.003,0.0065,0.9482434782608695,0.9399038461538461
census_acs,household_income,classification,gaussian,48,2000,99.1,92.45,88.97,89.08,94.65,0.9140011494252873,0.9536689655172413,0.9376,0.0095,0.047,0.0065,0.008,0.934998374959374,0.9449998472217979
census_acs,household_income,classification,gaussian,49,2000,99.4,92.42,89.29,88.89,95.15,0.9364482758620689,0.9363,0.9406,0.006,0.0465,0.0065,0.0055,0.9465329991645781,0.9381889358195117
census_acs,household_income,classification,gaussian,50,2000,99.0,92.62,88.97,88.58,94.45,0.927748275862069,0.9385379310344828,0.9389,0.01,0.0415,0.003,0.01,0.9349694717798077,0.9333148096693527
census_acs,household_income,classification,gaussian,51,2000,99.1,92.31,89.02,89.61,93.5,0.9328816091954023,0.9324689655172413,0.938,0.0095,0.0445,0.0055,0.0085,0.9349043455522142,0.9399038461538461
census_acs,household_income,classification,vine,42,2000,76.8,98.24,60.99,97.59,94.7,0.8506816091954023,0.9033436781609195,0.6541,0.2325,0.658,0.0285,0.0415,0.4623226292537586,0.6749738266920027
census_acs,household_income,classification,vine,43,2000,78.0,97.62,60.99,97.25,95.0,0.8648827586206896,0.8539402298850575,0.6658,0.2205,0.635,0.03,0.035,0.5177425679791078,0.7081963477299065
census_acs,household_income,classification,vine,44,2000,78.7,98.01,60.9,98.49,95.5,0.8357011494252873,0.900216091954023,0.661,0.213,0.654,0.031,0.0285,0.55013587903282,0.6847469218344726
census_acs,household_income,classification,vine,45,2000,75.4,98.18,61.0,98.32,93.8,0.8531816091954023,0.8713206896551724,0.6505,0.2455,0.6545,0.0335,0.036,0.43525480367585634,0.6364687440940067
census_acs,household_income,classification,vine,46,2000,75.8,97.91,61.07,98.47,93.55,0.8513816091954023,0.865448275862069,0.6533,0.242,0.6645,0.029,0.034,0.4775904208112746,0.7231826216495647
census_acs,household_income,classification,vine,47,2000,75.8,98.16,61.2,98.1,94.35,0.8499816091954023,0.8827379310344827,0.6494,0.2415,0.667,0.0295,0.038,0.49155226592650014,0.7216473366205987
census_acs,household_income,classification,vine,48,2000,77.4,98.22,61.31,97.71,95.1,0.8539816091954022,0.903932183908046,0.6549,0.226,0.65,0.0345,0.0375,0.4118937897739741,0.6407807485720609
census_acs,household_income,classification,vine,49,2000,76.4,98.09,60.93,98.32,94.85,0.8429149425287357,0.8565367816091953,0.6537,0.236,0.6605,0.026,0.0375,0.47318699638788553,0.6364081124355097
census_acs,household_income,classification,vine,50,2000,77.0,98.04,60.86,98.17,94.2,0.8479149425287357,0.8812965517241379,0.6566,0.23,0.6615,0.0355,0.0345,0.4927408006606166,0.6718267469615925
census_acs,household_income,classification,vine,51,2000,76.9,98.01,60.67,98.16,94.6,0.865348275862069,0.8659402298850575,0.6555,0.231,0.656,0.0295,0.0385,0.46057432968427736,0.6246987164696103
census_acs,household_income,classification,ctgan,42,2000,65.0,77.59,63.01,86.45,0.0,0.5630000000000001,0.7986333333333333,0.5751,0.3505,0.7195,0.156,0.0365,0.5010103001330639,0.5573769010963202
census_acs,household_income,classification,ctgan,43,2000,66.8,72.66,62.45,84.52,0.0,0.5788666666666666,0.8615333333333334,0.601,0.332,0.754,0.022,0.017,0.34375,0.3929891287342815
census_acs,household_income,classification,ctgan,44,2000,59.2,71.01,62.88,82.71,0.0,0.43900000000000006,0.8816896551724138,0.5611,0.408,0.7325,0.2155,0.0095,0.338527611461067,0.3422222222222222
census_acs,household_income,classification,ctgan,45,2000,63.7,70.59,62.38,76.75,0.0,0.35940000000000016,0.8801,0.5757,0.3625,0.718,0.1515,0.0315,0.552414008597029,0.7714832184726073
census_acs,household_income,classification,ctgan,46,2000,69.6,71.92,63.99,83.54,0.0,0.5448333333333333,0.9007666666666667,0.6091,0.304,0.693,0.128,0.0155,0.37564269818126006,0.4985502611340247
census_acs,household_income,classification,ctgan,47,2000,65.6,78.98,63.22,86.97,0.0,0.5563666666666667,0.8889333333333334,0.5734,0.3435,0.713,0.165,0.0455,0.43857446734316696,0.6891879307133544
census_acs,household_income,classification,ctgan,48,2000,69.2,77.94,63.22,85.14,0.0,0.5793999999999999,0.8402356321839081,0.6113,0.3075,0.7295,0.068,0.0195,0.49229241013943564,0.61
census_acs,household_income,classification,ctgan,49,2000,68.2,71.47,62.55,80.14,0.0,0.41523333333333323,0.8432356321839081,0.5989,0.3175,0.7385,0.062,0.0325,0.33522727272727276,0.4356520672310146
census_acs,household_income,classification,ctgan,50,2000,65.0,76.87,63.12,85.52,0.0,0.5752666666666666,0.826,0.5919,0.35,0.7625,0.023,0.0235,0.34561610207513377,0.41556043956043953
census_acs,household_income,classification,ctgan,51,2000,64.8,67.34,62.67,78.94,0.0,0.41890000000000016,0.8625689655172414,0.5827,0.3525,0.723,0.196,0.007,0.5503154725154269,0.6022090912601861
census_acs,household_income,classification,tvae,42,2000,98.2,93.26,81.8,94.93,0.0,0.9521666666666666,0.8260666666666667,0.9212,0.018,0.0335,0.0155,0.0145,0.9266462906362878,0.9249747831910169
census_acs,household_income,classification,tvae,43,2000,98.3,94.24,82.36,94.58,0.0,0.9256333333333333,0.8100666666666666,0.9219,0.017,0.0485,0.007,0.014,0.9399759903961584,0.9399833287024173
census_acs,household_income,classification,tvae,44,2000,97.8,93.83,82.96,93.5,0.0,0.9460333333333333,0.8217333333333333,0.9168,0.0225,0.0485,0.018,0.0165,0.9115779990490465,0.9198922996473036
census_acs,household_income,classification,tvae,45,2000,98.8,93.88,82.18,93.61,0.0,0.9344,0.8205333333333332,0.9282,0.0125,0.0335,0.017,0.009,0.9215880368925506,0.9182513576113824
census_acs,household_income,classification,tvae,46,2000,98.5,95.15,83.17,93.71,0.0,0.8946999999999999,0.8075999999999999,0.9351,0.015,0.0255,0.013,0.0105,0.9266666666666666,0.9183312916156238
census_acs,household_income,classification,tvae,47,2000,99.0,94.78,83.34,94.92,0.0,0.9300999999999999,0.8321333333333334,0.933,0.01,0.036,0.011,0.008,0.9481950428783502,0.9448712130282131
census_acs,household_income,classification,tvae,48,2000,98.8,93.81,82.16,93.52,0.0,0.9096333333333333,0.8213666666666666,0.9271,0.012,0.0385,0.0155,0.0095,0.934998374959374,0.9333266659999333
census_acs,household_income,classification,tvae,49,2000,98.5,94.11,80.91,92.83,0.0,0.9744,0.8303333333333334,0.9244,0.015,0.0275,0.018,0.01,0.9315661068625842,0.9298472228408534
census_acs,household_income,classification,tvae,50,2000,98.5,94.56,82.51,93.89,0.0,0.9342,0.8334333333333334,0.9327,0.0155,0.029,0.014,0.0105,0.9299992222135802,0.9316664768513245
census_acs,household_income,classification,tvae,51,2000,98.4,94.06,83.46,94.23,0.0,0.9649057471264367,0.8394999999999999,0.9193,0.016,0.03,0.0245,0.011,0.9132986527944511,0.9166212715811941
online_purchases,item_total,regression,gaussian,42,664,59.0,73.92,89.19,57.35,94.13,0.49289225868993214,0.8259105387065504,0.6192,0.4096,0.6009,0.0196,0.0407,0.9646098233019035,0.9445997330714412
online_purchases,item_total,regression,gaussian,43,664,60.4,76.18,90.19,57.17,93.52,0.48765060240963864,0.8537841019249411,0.6204,0.3961,0.5904,0.0166,0.0377,0.9799015174354336,0.9748585795097423
online_purchases,item_total,regression,gaussian,44,664,58.9,75.83,90.2,56.94,92.17,0.49538152610441777,0.8036213820800444,0.6164,0.4111,0.6039,0.0196,0.0361,0.9698067632850241,0.9799015174354336
online_purchases,item_total,regression,gaussian,45,664,59.5,74.35,91.96,57.09,92.62,0.4783132530120483,0.8222926187508655,0.6274,0.4051,0.5738,0.0211,0.0346,0.9899989998999901,0.9799919967987194
online_purchases,item_total,regression,gaussian,46,664,59.6,75.93,90.67,57.37,94.28,0.5008239855975627,0.811895859299266,0.6222,0.4036,0.5994,0.0045,0.0331,0.9748585795097423,0.9949544640379424
online_purchases,item_total,regression,gaussian,47,664,61.9,74.5,90.93,59.43,92.17,0.5012048192771084,0.8380210497161058,0.6384,0.381,0.5678,0.0181,0.0377,0.9749993749843746,0.9649921232277263
online_purchases,item_total,regression,gaussian,48,664,60.7,75.98,89.04,57.38,93.98,0.5018280016618197,0.8504466140423764,0.6322,0.3931,0.5798,0.0241,0.0437,0.9899959983993598,0.9142258886450213
online_purchases,item_total,regression,gaussian,49,664,58.1,74.0,89.4,55.65,92.92,0.46164658634538147,0.8083783409500069,0.6227,0.4187,0.5904,0.0226,0.0256,0.9649921232277263,0.9749943737340903
online_purchases,item_total,regression,gaussian,50,664,58.0,76.06,89.97,55.45,93.37,0.4910850297742695,0.7904653095139177,0.6155,0.4202,0.5964,0.0151,0.0346,0.9899507587177168,0.9899507587177168
online_purchases,item_total,regression,gaussian,51,664,61.1,76.3,90.42,57.39,92.02,0.4743179615011771,0.7885576789918294,0.6423,0.3886,0.5587,0.0181,0.0256,0.9749843652282677,0.959983993597439
online_purchases,item_total,regression,vine,42,664,14.0,97.11,53.07,86.53,92.47,0.8232931726907631,0.9218633153302866,0.2808,0.8599,0.9639,0.0105,0.1491,0.567230273752013,0.8392121394834691
online_purchases,item_total,regression,vine,43,664,15.1,96.58,53.45,87.22,95.33,0.8404618473895583,0.9437854867746849,0.2793,0.8494,0.9608,0.0151,0.1702,0.3463555521775481,0.9196060697417345
online_purchases,item_total,regression,vine,44,664,15.1,96.56,53.86,80.0,92.62,0.8562283617227531,0.9505989475141947,0.2729,0.8494,0.9744,0.012,0.1747,0.5644664714274987,0.823406241327985
online_purchases,item_total,regression,vine,45,664,12.7,96.96,53.35,81.52,90.96,0.8009036144578314,0.9663585375986705,0.2614,0.8735,0.9729,0.0241,0.1732,0.5789473684210527,0.8677652324280338
online_purchases,item_total,regression,vine,46,664,14.2,96.51,53.02,77.82,95.18,0.852170751973411,0.9363592300235424,0.2677,0.8584,0.9729,0.0151,0.1973,0.55,0.9694842844064693
online_purchases,item_total,regression,vine,47,664,12.5,96.24,54.24,85.93,94.58,0.85,0.9374774961916632,0.2712,0.875,0.9819,0.006,0.1642,0.36,0.9699729756781104
online_purchases,item_total,regression,vine,48,664,14.8,97.12,53.36,83.67,95.03,0.831889627475419,0.9449764575543553,0.2727,0.8524,0.9729,0.0151,0.1657,0.4999499949995,0.9399038461538461
online_purchases,item_total,regression,vine,49,664,11.0,97.39,54.4,79.32,94.28,0.8125502008032129,0.9288775792826478,0.2546,0.8901,0.9819,0.0166,0.1792,0.3579210799059632,0.8585858585858586
online_purchases,item_total,regression,vine,50,664,14.3,97.44,53.86,86.03,94.28,0.8263052208835342,0.9537667913031436,0.2702,0.8569,0.9639,0.0166,0.1687,0.37460913070669166,0.6443142588136834
online_purchases,item_total,regression,vine,51,664,14.3,97.42,53.32,87.42,93.52,0.8160642570281125,0.9342992660296358,0.2766,0.8569,0.9759,0.0166,0.1536,0.5765702187720536,0.934959349593496
online_purchases,item_total,regression,ctgan,42,664,28.3,58.38,54.35,54.34,72.44,0.4969879518072289,0.8428022434565849,0.3879,0.7169,0.887,0.0331,0.0617,0.3006993006993007,0.3006993006993007
online_purchases,item_total,regression,ctgan,43,664,10.2,68.27,57.11,54.86,70.33,0.5253012048192771,0.8677503115911923,0.2599,0.8976,0.9819,0.006,0.131,0.33256321396483124,0.3923611111111111
online_purchases,item_total,regression,ctgan,44,664,8.7,76.83,56.11,63.23,74.85,0.6183734939759036,0.8989163550754743,0.2256,0.9127,0.9789,0.0226,0.2093,0.5949088544922607,0.49979991996798717
online_purchases,item_total,regression,ctgan,45,664,14.9,72.51,55.56,60.4,71.08,0.5833333333333333,0.9357741310067857,0.2738,0.8509,0.9684,0.0226,0.0964,0.4078770298154849,0.7630019749835418
online_purchases,item_total,regression,ctgan,46,664,17.2,74.7,56.7,54.65,71.84,0.5530120481927712,0.9178541753219776,0.2817,0.8283,0.9699,0.0407,0.125,0.3742177722152691,0.721899032322143
online_purchases,item_total,regression,ctgan,47,664,18.5,58.19,53.52,48.08,74.55,0.4242971887550202,0.796735216728985,0.3111,0.8148,0.9759,0.006,0.0346,0.37713915697943323,0.41111520058888484
online_purchases,item_total,regression,ctgan,48,664,16.0,66.12,55.39,51.51,73.34,0.4629518072289157,0.8302693532751696,0.2925,0.8404,0.9729,0.003,0.0316,0.3301649070205097,0.3503118503118503
online_purchases,item_total,regression,ctgan,49,664,15.4,71.16,54.03,61.89,71.23,0.48795180722891573,0.8796357845173799,0.2706,0.8464,0.9744,0.0136,0.0723,0.3288590604026846,0.4388085473775092
online_purchases,item_total,regression,ctgan,50,664,11.6,59.84,55.65,53.73,70.48,0.49759036144578306,0.9034725107325855,0.2453,0.884,0.988,0.0105,0.0919,0.35064935064935066,0.44
online_purchases,item_total,regression,ctgan,51,664,10.5,70.61,55.34,51.62,76.51,0.5870481927710844,0.9421444398282787,0.2301,0.8946,0.9759,0.0497,0.1732,0.3265993265993266,0.6808654496281271
online_purchases,item_total,regression,tvae,42,664,2.0,86.95,77.35,41.81,51.05,0.7821285140562249,0.8406626506024096,0.1247,0.9804,1.0,0.0,0.1145,0.9041348167209062,0.3006993006993007
online_purchases,item_total,regression,tvae,43,664,1.7,84.46,78.85,40.12,51.36,0.7751004016064257,0.8318273092369478,0.1226,0.9834,1.0,0.0015,0.122,0.9190201437392449,0.3442622950819672
online_purchases,item_total,regression,tvae,44,664,1.5,85.84,76.26,56.38,53.31,0.7118473895582329,0.8374497991967871,0.1242,0.9849,1.0,0.003,0.131,0.9399459513562206,
online_purchases,item_total,regression,tvae,45,664,1.1,88.63,78.51,43.34,48.34,0.8151848774407977,0.805421686746988,0.1185,0.9895,1.0,0.0,0.116,0.8644272049408752,
online_purchases,item_total,regression,tvae,46,664,0.5,83.33,71.24,37.4,50.15,0.7340361445783132,0.725,0.1124,0.9955,1.0,0.0,0.116,0.8518859010699966,
online_purchases,item_total,regression,tvae,47,664,0.5,84.61,74.35,37.62,49.55,0.691867469879518,0.8214859437751004,0.1126,0.9955,1.0,0.0,0.131,0.8849280800500312,
online_purchases,item_total,regression,tvae,48,664,0.5,83.81,70.65,39.62,47.44,0.685140562248996,0.8159638554216868,0.1076,0.9955,1.0,0.0,0.1069,0.9448883990079912,
online_purchases,item_total,regression,tvae,49,664,0.9,84.14,75.25,37.67,46.08,0.7327309236947791,0.8518072289156626,0.1088,0.991,1.0,0.0,0.122,0.8291628982011858,
online_purchases,item_total,regression,tvae,50,664,0.8,84.06,78.66,40.37,49.7,0.8206238748095831,0.8233935742971887,0.1242,0.9925,1.0,0.0,0.1325,0.81998199819982,
online_purchases,item_total,regression,tvae,51,664,1.2,88.0,82.84,42.44,53.16,0.790808059825509,0.8290160642570281,0.1295,0.988,1.0,0.0,0.116,0.93,
supermarket_sales,total,regression,gaussian,42,1000,98.2,89.64,96.86,90.93,97.33,0.9032,0.9239701149425287,0.9697,0.018,0.0,0.0,0.018,1.0,1.0
supermarket_sales,total,regression,gaussian,43,1000,98.1,90.16,96.71,92.04,97.75,0.8871333333333333,0.9322988505747126,0.9692,0.019,0.0,0.0,0.019,0.9966469582322763,0.9966469582322763
supermarket_sales,total,regression,gaussian,44,1000,97.5,90.71,95.87,92.07,97.97,0.8944,0.9138390804597701,0.9632,0.025,0.0,0.0,0.025,0.9966603956317974,0.9966603956317974
supermarket_sales,total,regression,gaussian,45,1000,97.8,90.84,97.03,93.48,97.48,0.8984,0.9279701149425288,0.9654,0.022,0.0,0.0,0.022,1.0,1.0
supermarket_sales,total,regression,gaussian,46,1000,97.2,89.94,97.15,92.02,98.75,0.8971333333333333,0.9143724137931035,0.9614,0.028,0.003,0.0,0.026,0.9933035714285714,0.9933035714285714
supermarket_sales,total,regression,gaussian,47,1000,96.3,91.37,96.6,92.21,99.17,0.9025333333333334,0.9009816091954023,0.9537,0.037,0.0,0.0,0.037,0.9966648508632477,0.9966648508632477
supermarket_sales,total,regression,gaussian,48,1000,97.6,90.67,97.64,91.7,98.85,0.8928,0.9220505747126437,0.9636,0.024,0.0,0.0,0.024,0.9966657404834677,0.9966657404834677
supermarket_sales,total,regression,gaussian,49,1000,96.8,90.11,96.38,90.87,98.52,0.8783333333333333,0.9193333333333333,0.9558,0.032,0.002,0.0,0.031,1.0,1.0
supermarket_sales,total,regression,gaussian,50,1000,97.9,89.33,97.33,90.81,98.67,0.8668,0.8954252873563219,0.9682,0.021,0.0,0.0,0.021,0.9966663332999967,1.0
supermarket_sales,total,regression,gaussian,51,1000,97.0,89.99,96.91,93.0,97.65,0.9014666666666666,0.9336620689655173,0.9578,0.03,0.001,0.0,0.03,1.0,1.0
supermarket_sales,total,regression,vine,42,1000,0.2,96.9,63.82,97.76,98.05,0.7708344827586207,0.8530091954022988,0.0262,0.998,0.998,0.0,0.618,0.5622389306599833,
supermarket_sales,total,regression,vine,43,1000,0.3,97.56,63.71,97.86,98.55,0.805264367816092,0.847151724137931,0.0256,0.997,1.0,0.0,0.64,0.5114500387470658,
supermarket_sales,total,regression,vine,44,1000,0.0,97.39,64.1,98.01,97.83,0.7943011494252874,0.8358459770114942,0.0213,1.0,1.0,0.0,0.656,0.3499349934993499,
supermarket_sales,total,regression,vine,45,1000,0.1,97.76,63.77,98.32,98.95,0.8022482758620689,0.8880482758620689,0.0235,0.999,1.0,0.0,0.64,0.48166891462585415,
supermarket_sales,total,regression,vine,46,1000,0.0,97.43,63.67,97.93,98.27,0.7898643678160919,0.8670091954022988,0.0252,1.0,1.0,0.0,0.629,0.39362281976744184,
supermarket_sales,total,regression,vine,47,1000,0.0,97.91,63.96,98.53,97.87,0.7833816091954023,0.869751724137931,0.0251,1.0,1.0,0.0,0.636,0.4791141580132406,
supermarket_sales,total,regression,vine,48,1000,0.4,97.61,63.91,98.17,98.05,0.7869011494252873,0.8552091954022989,0.027,0.996,0.999,0.0,0.639,0.5003967766091806,
supermarket_sales,total,regression,vine,49,1000,0.3,97.21,63.62,98.02,98.42,0.8049149425287356,0.8727793103448276,0.0283,0.997,0.998,0.0,0.616,0.40088682289492394,
supermarket_sales,total,regression,vine,50,1000,0.1,97.76,64.03,98.36,97.65,0.7877816091954023,0.8816091954022989,0.0259,0.999,1.0,0.0,0.623,0.52361782071927,
supermarket_sales,total,regression,vine,51,1000,0.1,97.33,63.78,97.98,98.4,0.7961816091954023,0.8518413793103448,0.0257,0.999,1.0,0.0,0.624,0.44550861982054646,
supermarket_sales,total,regression,ctgan,42,1000,0.0,77.73,54.08,73.26,80.92,0.6084735632183907,0.8594758620689655,0.0056,1.0,1.0,0.0,0.92,0.3464052287581699,
supermarket_sales,total,regression,ctgan,43,1000,0.0,81.2,54.64,78.17,80.07,0.5148689655172414,0.8902666666666667,0.0158,1.0,1.0,0.0,0.69,0.554367201426025,
supermarket_sales,total,regression,ctgan,44,1000,0.0,73.69,54.3,73.49,80.52,0.6546137931034484,0.831712643678161,0.0244,1.0,1.0,0.0,0.49,0.35920116365923654,
supermarket_sales,total,regression,ctgan,45,1000,0.0,73.36,54.56,70.89,79.5,0.6131402298850575,0.8336758620689655,0.0093,1.0,1.0,0.0,0.835,0.35884804850322094,
supermarket_sales,total,regression,ctgan,46,1000,0.0,80.56,54.28,83.34,80.23,0.7714137931034483,0.8526344827586207,0.0096,1.0,1.0,0.0,0.827,0.31662870159453305,
supermarket_sales,total,regression,ctgan,47,1000,0.0,78.11,54.49,75.27,80.95,0.5926068965517242,0.8866413793103448,0.0255,1.0,1.0,0.0,0.456,0.34374023422967603,
supermarket_sales,total,regression,ctgan,48,1000,0.0,77.2,54.33,73.8,81.13,0.7021563218390805,0.8431126436781609,0.0313,1.0,1.0,0.0,0.328,0.32432432432432434,
supermarket_sales,total,regression,ctgan,49,1000,0.0,76.0,54.45,73.14,80.72,0.7014137931034483,0.8500758620689655,0.032,1.0,1.0,0.0,0.316,0.33184855233853006,
supermarket_sales,total,regression,ctgan,50,1000,0.0,73.59,54.3,73.07,80.4,0.6521402298850576,0.8482229885057471,0.0302,1.0,1.0,0.0,0.346,0.3348115299334812,
supermarket_sales,total,regression,ctgan,51,1000,0.0,79.19,54.61,79.96,81.65,0.6291402298850575,0.9116574712643678,0.0113,1.0,1.0,0.0,0.787,0.6337777777777778,
supermarket_sales,total,regression,tvae,42,1000,0.0,88.56,63.82,92.35,74.42,0.8216689655172413,0.954928735632184,0.0206,1.0,1.0,0.0,0.581,0.9396755887215693,
supermarket_sales,total,regression,tvae,43,1000,0.0,86.73,64.77,89.22,73.3,0.8326896551724138,0.9338758620689656,0.0216,1.0,1.0,0.0,0.558,0.9599358974358975,
supermarket_sales,total,regression,tvae,44,1000,0.0,88.27,65.71,90.61,76.23,0.8770689655172415,0.9725609195402299,0.0202,1.0,1.0,0.0,0.588,0.9699729756781104,
supermarket_sales,total,regression,tvae,45,1000,0.0,88.69,64.51,90.26,76.73,0.8945402298850574,0.9789425287356321,0.0207,1.0,1.0,0.0,0.578,0.9866518353726362,
supermarket_sales,total,regression,tvae,46,1000,0.0,89.23,65.5,90.87,76.0,0.817335632183908,0.9553057471264368,0.0215,1.0,1.0,0.0,0.558,0.9433024646752121,
supermarket_sales,total,regression,tvae,47,1000,0.0,85.84,65.02,88.43,75.42,0.7998689655172414,0.9397517241379311,0.0233,1.0,1.0,0.0,0.519,0.9396755887215693,
supermarket_sales,total,regression,tvae,48,1000,0.0,88.23,64.92,90.31,73.38,0.787135632183908,0.9425333333333333,0.0203,1.0,1.0,0.0,0.585,0.956643061222221,
supermarket_sales,total,regression,tvae,49,1000,0.0,87.86,64.28,89.32,74.68,0.8136137931034483,0.9480206896551724,0.0221,1.0,1.0,0.0,0.546,0.9766664074045267,
supermarket_sales,total,regression,tvae,50,1000,0.0,88.84,63.76,90.76,74.33,0.7738022988505747,0.9375333333333333,0.022,1.0,1.0,0.0,0.549,0.9466287137520014,
supermarket_sales,total,regression,tvae,51,1000,0.0,89.09,63.9,91.57,73.27,0.8486022988505747,0.9620206896551724,0.0196,1.0,1.0,0.0,0.601,0.9699729756781104,
