dataset,generator,seed,n_rows,flag_rate,base_violation_rate,confirmation_rate_flagged,confirmation_rate_unflagged,n_flagged,n_unflagged,median_severity_flagged,median_severity_unflagged,spearman_penalty_severity
supermarket_sales,gaussian,42,2000,0.3245,0.998,1.0,0.997,649,1351,0.3866,0.1416,0.5219
supermarket_sales,gaussian,43,2000,0.3,0.998,1.0,0.9971,600,1400,0.4377,0.1648,0.5387
supermarket_sales,gaussian,44,2000,0.3075,0.9965,1.0,0.9949,615,1385,0.3645,0.1641,0.4955
supermarket_sales,gaussian,45,2000,0.315,0.9965,1.0,0.9949,630,1370,0.4111,0.1629,0.5382
supermarket_sales,gaussian,46,2000,0.3185,0.9965,1.0,0.9949,637,1363,0.4279,0.1576,0.5639
supermarket_sales,gaussian,47,2000,0.3255,0.997,1.0,0.9956,651,1349,0.4313,0.1544,0.5515
supermarket_sales,gaussian,48,2000,0.355,0.9965,1.0,0.9946,710,1290,0.4027,0.1486,0.5556
supermarket_sales,gaussian,49,2000,0.327,0.999,1.0,0.9985,654,1346,0.3794,0.1598,0.5188
supermarket_sales,gaussian,50,2000,0.319,0.998,1.0,0.9971,638,1362,0.4116,0.1554,0.5338
supermarket_sales,gaussian,51,2000,0.3085,0.9975,1.0,0.9964,617,1383,0.3909,0.1632,0.5402
supermarket_sales,vine,42,2000,0.997,1.0,1.0,1.0,1994,6,0.9099,0.1667,0.1049
supermarket_sales,vine,43,2000,0.998,1.0,1.0,1.0,1996,4,0.9213,0.2772,0.1434
supermarket_sales,vine,44,2000,0.9975,1.0,1.0,1.0,1995,5,0.893,0.3399,0.0845
supermarket_sales,vine,45,2000,0.9975,1.0,1.0,1.0,1995,5,0.9012,0.4636,0.0528
supermarket_sales,vine,46,2000,0.9945,1.0,1.0,1.0,1989,11,0.9028,0.2745,0.0891
supermarket_sales,vine,47,2000,0.998,1.0,1.0,1.0,1996,4,0.9079,0.2943,0.0649
supermarket_sales,vine,48,2000,0.998,1.0,1.0,1.0,1996,4,0.8926,0.2625,0.0893
supermarket_sales,vine,49,2000,0.998,1.0,1.0,1.0,1996,4,0.8965,0.3423,0.097
supermarket_sales,vine,50,2000,0.998,1.0,1.0,1.0,1996,4,0.9033,0.1545,0.1523
supermarket_sales,vine,51,2000,0.9955,1.0,1.0,1.0,1991,9,0.8993,0.4977,0.0773
supermarket_sales,ctgan,42,2000,0.9985,1.0,1.0,1.0,1997,3,0.8933,0.2013,0.0168
supermarket_sales,ctgan,43,2000,0.9995,1.0,1.0,1.0,1999,1,5.3846,0.1607,-0.0972
supermarket_sales,ctgan,44,2000,0.996,1.0,1.0,1.0,1992,8,2.3702,0.7292,0.0162
supermarket_sales,ctgan,45,2000,0.9975,1.0,1.0,1.0,1995,5,0.748,0.106,0.169
supermarket_sales,ctgan,46,2000,0.9925,1.0,1.0,1.0,1985,15,0.8226,0.3284,0.1514
supermarket_sales,ctgan,47,2000,1.0,1.0,1.0,,2000,0,0.8717,,0.0897
supermarket_sales,ctgan,48,2000,1.0,1.0,1.0,,2000,0,0.9063,,0.0404
supermarket_sales,ctgan,49,2000,0.9985,1.0,1.0,1.0,1997,3,0.8103,0.2285,0.0931
supermarket_sales,ctgan,50,2000,0.9975,1.0,1.0,1.0,1995,5,0.8332,0.165,0.118
supermarket_sales,ctgan,51,2000,0.9925,1.0,1.0,1.0,1985,15,1.3538,1.4593,-0.0113
supermarket_sales,tvae,42,2000,0.895,1.0,1.0,1.0,1790,210,0.8479,0.5275,0.4513
supermarket_sales,tvae,43,2000,0.918,1.0,1.0,1.0,1836,164,1.7436,0.6931,0.4474
supermarket_sales,tvae,44,2000,0.9065,1.0,1.0,1.0,1813,187,1.4819,0.2858,0.5204
supermarket_sales,tvae,45,2000,0.9165,1.0,1.0,1.0,1833,167,0.8568,0.6982,0.2575
supermarket_sales,tvae,46,2000,0.9195,1.0,1.0,1.0,1839,161,0.8126,0.4809,0.2867
supermarket_sales,tvae,47,2000,0.9135,1.0,1.0,1.0,1827,173,0.8711,0.2447,0.4994
supermarket_sales,tvae,48,2000,0.95,1.0,1.0,1.0,1900,100,1.382,0.7255,0.444
supermarket_sales,tvae,49,2000,0.9205,1.0,1.0,1.0,1841,159,0.9361,0.3573,0.4586
supermarket_sales,tvae,50,2000,0.9245,1.0,1.0,1.0,1849,151,0.8682,0.2293,0.6024
supermarket_sales,tvae,51,2000,0.9185,1.0,1.0,1.0,1837,163,0.827,0.3041,0.4289
online_purchases,gaussian,42,664,0.5663,0.8675,0.984,0.7153,376,288,0.4219,0.0828,0.4353
online_purchases,gaussian,43,664,0.5753,0.869,0.9869,0.7092,382,282,0.4058,0.0824,0.426
online_purchases,gaussian,44,664,0.5648,0.8705,0.9867,0.7197,375,289,0.436,0.0655,0.505
online_purchases,gaussian,45,664,0.5437,0.8539,0.9889,0.6931,361,303,0.5587,0.0674,0.49
online_purchases,gaussian,46,664,0.5648,0.878,0.9893,0.7336,375,289,0.3772,0.0759,0.5051
online_purchases,gaussian,47,664,0.5497,0.8373,0.9753,0.6689,365,299,0.4865,0.0599,0.4974
online_purchases,gaussian,48,664,0.5392,0.863,0.9916,0.7124,358,306,0.4356,0.0563,0.4819
online_purchases,gaussian,49,664,0.5693,0.881,0.9947,0.7308,378,286,0.5246,0.0878,0.4464
online_purchases,gaussian,50,664,0.5633,0.881,0.9947,0.7345,374,290,0.4733,0.0784,0.416
online_purchases,gaussian,51,664,0.5211,0.869,0.9971,0.7296,346,318,0.3665,0.0887,0.4105
online_purchases,vine,42,664,0.9669,1.0,1.0,1.0,642,22,1.0218,0.2665,0.0325
online_purchases,vine,43,664,0.9699,1.0,1.0,1.0,644,20,0.9459,0.2017,0.1157
online_purchases,vine,44,664,0.9654,1.0,1.0,1.0,641,23,1.1523,0.2359,0.1954
online_purchases,vine,45,664,0.9684,1.0,1.0,1.0,643,21,0.9182,0.2621,0.0776
online_purchases,vine,46,664,0.9759,1.0,1.0,1.0,648,16,0.9873,0.2097,0.1382
online_purchases,vine,47,664,0.9774,1.0,1.0,1.0,649,15,0.9755,0.3308,0.0895
online_purchases,vine,48,664,0.9849,1.0,1.0,1.0,654,10,1.0284,0.2705,0.1153
online_purchases,vine,49,664,0.9699,1.0,1.0,1.0,644,20,1.001,0.302,0.1499
online_purchases,vine,50,664,0.9789,1.0,1.0,1.0,650,14,1.0464,0.1979,0.1664
online_purchases,vine,51,664,0.9699,1.0,1.0,1.0,644,20,1.1121,0.2202,0.1524
online_purchases,ctgan,42,664,0.8765,0.994,1.0,0.9512,582,82,4.9869,460000000.0,-0.0129
online_purchases,ctgan,43,664,0.9247,1.0,1.0,1.0,614,50,4425000000.0,4485000000.0,0.0088
online_purchases,ctgan,44,664,0.9849,1.0,1.0,1.0,654,10,1.1082,0.9713,0.0664
online_purchases,ctgan,45,664,0.9804,0.9985,0.9985,1.0,651,13,12.107,0.37,-0.0277
online_purchases,ctgan,46,664,0.988,1.0,1.0,1.0,656,8,1.0,0.7003,0.0249
online_purchases,ctgan,47,664,0.9925,0.9985,0.9985,1.0,659,5,260000000.0,6520000000.0,0.0587
online_purchases,ctgan,48,664,0.9262,1.0,1.0,1.0,615,49,55.1333,10340000000.0,-0.028
online_purchases,ctgan,49,664,0.9804,0.997,0.9969,1.0,651,13,10.2945,2.0,0.0215
online_purchases,ctgan,50,664,0.9563,1.0,1.0,1.0,635,29,3.5084,0.3441,0.196
online_purchases,ctgan,51,664,0.9036,1.0,1.0,1.0,600,64,1.0,0.2544,0.357
online_purchases,tvae,42,664,1.0,1.0,1.0,,664,0,0.3894,,0.1753
online_purchases,tvae,43,664,0.9985,1.0,1.0,1.0,663,1,0.4136,9.7865,0.2904
online_purchases,tvae,44,664,1.0,1.0,1.0,,664,0,0.415,,0.2388
online_purchases,tvae,45,664,0.9985,1.0,1.0,1.0,663,1,0.4522,0.2943,0.2164
online_purchases,tvae,46,664,0.9985,1.0,1.0,1.0,663,1,0.4618,4420000000.0,0.1442
online_purchases,tvae,47,664,1.0,1.0,1.0,,664,0,0.4032,,0.2331
online_purchases,tvae,48,664,1.0,1.0,1.0,,664,0,0.4249,,0.1426
online_purchases,tvae,49,664,1.0,1.0,1.0,,664,0,0.4052,,0.3148
online_purchases,tvae,50,664,1.0,1.0,1.0,,664,0,0.4376,,0.1917
online_purchases,tvae,51,664,0.9985,1.0,1.0,1.0,663,1,0.4321,0.9936,0.2193
