dataset,generator,attribute,seed,violation_rate,retention,max_flag_gap,max_share_shift_pp,tvd
adult,gaussian,sex,42,0.4855,0.5145,0.016943034296378556,0.6842079689018454,0.0068420796890184266
adult,gaussian,race,42,0.4855,0.5145,0.5339524085896692,3.257191448007768,0.03542274052478131
adult,gaussian,sex,43,0.2545,0.7455,0.035611244408898374,1.0078806170355503,0.010078806170355475
adult,gaussian,race,43,0.2545,0.7455,0.7227807486631017,2.592219986586186,0.025922199865861854
adult,gaussian,sex,44,0.1715,0.8285,0.03687354795884501,1.0057332528666252,0.010057332528666252
adult,gaussian,race,44,0.1715,0.8285,0.7929846198491004,2.805944477972233,0.02805944477972236
adult,gaussian,sex,45,0.423,0.577,0.015805471124620052,0.6252166377816337,0.006252166377816282
adult,gaussian,race,45,0.423,0.577,0.4919750469384047,3.0480069324090087,0.030480069324090107
adult,gaussian,sex,46,0.377,0.623,0.006100199857883959,0.2132423756019297,0.0021324237560192694
adult,gaussian,race,46,0.377,0.623,0.5622880599678743,2.243017656500801,0.02243017656500801
adult,gaussian,sex,47,0.312,0.688,0.051185603815586234,1.5941860465116364,0.01594186046511631
adult,gaussian,race,47,0.312,0.688,0.7078853046594982,2.4191860465116344,0.02538372093023259
adult,gaussian,sex,48,0.2245,0.7755,0.06444995645664975,1.7917150225660872,0.01791715022566087
adult,gaussian,race,48,0.2245,0.7755,0.7961448598130841,2.27878787878788,0.022787878787878794
adult,gaussian,sex,49,0.2145,0.7855,0.036129588735498264,1.0185232336091699,0.010185232336091643
adult,gaussian,race,49,0.2145,0.7855,0.8124635993011066,2.946944621260339,0.029469446212603417
adult,gaussian,sex,50,0.434,0.566,0.04497350739378103,1.6780918727915206,0.016780918727915206
adult,gaussian,race,50,0.434,0.566,0.5465513316640109,1.5641342756183674,0.027031802120141307
adult,gaussian,sex,51,0.2145,0.7855,0.053355657084480285,1.4960216422660766,0.014960216422660766
adult,gaussian,race,51,0.2145,0.7855,0.8123529411764706,2.9057924888606035,0.029057924888606007
adult,vine,sex,42,0.5145,0.4855,0.06295763933936593,2.7786817713697287,0.02778681771369726
adult,vine,race,42,0.5145,0.4855,0.5062166962699822,3.603553038105045,0.03811174047373841
adult,vine,sex,43,0.4335,0.5665,0.013873793538178025,0.5176963812886126,0.005176963812886126
adult,vine,race,43,0.4335,0.5665,0.5795847750865052,2.002559576345986,0.022052074139452787
adult,vine,sex,44,0.4305,0.5695,0.02255946396312758,0.8480684811237926,0.008480684811237899
adult,vine,race,44,0.4305,0.5695,0.5912887828162291,3.206145741878841,0.035928884986830556
adult,vine,sex,45,0.465,0.535,0.009599827418832918,0.41588785046728916,0.0041588785046728916
adult,vine,race,45,0.465,0.535,0.5531415149735761,2.887383177570091,0.028873831775700923
adult,vine,sex,46,0.4795,0.5205,0.007910442158997055,0.32391930835735105,0.003239193083573483
adult,vine,race,46,0.4795,0.5205,0.535632183908046,2.5292987512007703,0.025292987512007693
adult,vine,sex,47,0.3835,0.6165,0.020369041207250027,0.7376723438767219,0.007376723438767191
adult,vine,race,47,0.3835,0.6165,0.6376470588235295,2.9156528791565273,0.02915652879156528
adult,vine,sex,48,0.419,0.581,0.04976114877427845,1.8713425129087802,0.018713425129087802
adult,vine,race,48,0.419,0.581,0.6305732484076434,1.187865748709116,0.018576592082616146
adult,vine,sex,49,0.3785,0.6215,0.024129661787811174,0.8803298471440124,0.008803298471440069
adult,vine,race,49,0.3785,0.6215,0.6453115899825277,3.2891794046661316,0.03289179404666131
adult,vine,sex,50,0.468,0.532,0.07303276824465543,2.852255639097745,0.02852255639097745
adult,vine,race,50,0.468,0.532,0.4989396568343936,2.36578947368421,0.024864661654135332
adult,vine,sex,51,0.4045,0.5955,0.020149137496859315,0.7440386230058826,0.007440386230058799
adult,vine,race,51,0.4045,0.5955,0.6232394366197183,3.968765743073055,0.03968765743073052
adult,ctgan,sex,42,0.5945,0.4055,0.028100067613252122,1.601418002466093,0.01601418002466093
adult,ctgan,race,42,0.5945,0.4055,0.3819444444444444,5.520406905055486,0.0651442663378545
adult,ctgan,sex,43,0.5305,0.4695,0.0066306364443010635,0.32827476038339576,0.003282747603833902
adult,ctgan,race,43,0.5305,0.4695,0.4400333718393018,5.377529286474969,0.05377529286474972
adult,ctgan,sex,44,0.5425,0.4575,0.06782012093826828,3.569398907103827,0.03569398907103827
adult,ctgan,race,44,0.5425,0.4575,0.5006476683937824,7.280874316939889,0.07280874316939889
adult,ctgan,sex,45,0.558,0.442,0.024606247017022853,1.2597285067873332,0.012597285067873304
adult,ctgan,race,45,0.558,0.442,0.42797154108918434,6.48914027149321,0.06903846153846152
adult,ctgan,sex,46,0.5555,0.4445,0.029068337194999794,1.4288526434195759,0.014288526434195759
adult,ctgan,race,46,0.5555,0.4445,0.40275278877293996,5.301912260967379,0.057254780652418444
adult,ctgan,sex,47,0.466,0.534,0.026840477695580123,1.176779026217234,0.011767790262172312
adult,ctgan,race,47,0.466,0.534,0.5712898212898213,4.109737827715354,0.05424719101123595
adult,ctgan,sex,48,0.512,0.488,0.0963842476799121,4.77950819672131,0.04779508196721308
adult,ctgan,race,48,0.512,0.488,0.45113911068786167,3.6139344262295037,0.040672131147540966
adult,ctgan,sex,49,0.55,0.45,0.001971938280407537,0.10555555555555873,0.0010555555555555596
adult,ctgan,race,49,0.55,0.45,0.4538371705038372,5.5555555555555465,0.05555555555555551
adult,ctgan,sex,50,0.6235,0.3765,0.042402015968409645,2.6010624169986727,0.0260106241699867
adult,ctgan,race,50,0.6235,0.3765,0.38842861088097214,3.3309428950863196,0.04500332005312085
adult,ctgan,sex,51,0.6135,0.3865,0.013370089917321137,0.7359637774903005,0.00735963777490295
adult,ctgan,race,51,0.6135,0.3865,0.4221789883268483,7.1173350582147465,0.07117335058214747
adult,tvae,sex,42,0.119,0.881,0.019292936240456693,0.12735527809307756,0.0012735527809307687
adult,tvae,race,42,0.119,0.881,0.0,0.0,0.0
adult,tvae,sex,43,0.1905,0.8095,0.19905956112852666,1.0119209388511428,0.010119209388511418
adult,tvae,race,43,0.1905,0.8095,0.0,0.0,0.0
adult,tvae,sex,44,0.0725,0.9275,0.07575757575757576,0.3361185983827508,0.0033611859838275013
adult,tvae,race,44,0.0725,0.9275,0.0,0.0,0.0
adult,tvae,sex,45,0.1555,0.8445,0.010402297006833261,0.15358200118413823,0.0015358200118413545
adult,tvae,race,45,0.1555,0.8445,0.0,0.0,0.0
adult,tvae,sex,46,0.144,0.856,0.056587327297440815,0.4948598130841142,0.004948598130841128
adult,tvae,race,46,0.144,0.856,0.0,0.0,0.0
adult,tvae,sex,47,0.1195,0.8805,0.1266560678325384,0.7668086314594036,0.007668086314594005
adult,tvae,race,47,0.1195,0.8805,0.0,0.0,0.0
adult,tvae,sex,48,0.0445,0.9555,0.04744136460554371,0.288749345892203,0.0028874934589220302
adult,tvae,race,48,0.0445,0.9555,0.0,0.0,0.0
adult,tvae,sex,49,0.037,0.963,0.03842159916926272,0.14215991692627244,0.0014215991692626898
adult,tvae,race,49,0.037,0.963,0.0,0.0,0.0
adult,tvae,sex,50,0.1855,0.8145,0.17985212813216103,1.2550951503990215,0.012550951503990194
adult,tvae,race,50,0.1855,0.8145,0.0,0.0,0.0
adult,tvae,sex,51,0.0995,0.9005,0.054534585365198354,0.450805108273189,0.004508051082731848
adult,tvae,race,51,0.0995,0.9005,0.0,0.0,0.0
credit,gaussian,sex,42,0.628,0.372,0.0055348259367384856,0.3500000000000003,0.0034999999999999754
credit,gaussian,marriage,42,0.628,0.372,0.16666666666666663,1.0801075268817184,0.011145161290322579
credit,gaussian,age_quartile,42,0.628,0.372,0.242261797685435,10.045698924731184,0.1004569892473118
credit,gaussian,sex,43,0.482,0.518,0.0013761481855851798,0.06544401544401612,0.0006544401544401612
credit,gaussian,marriage,43,0.482,0.518,0.48848848848848847,0.6256756756756743,0.006256756756756766
credit,gaussian,age_quartile,43,0.482,0.518,0.15819019434359455,3.99787644787645,0.058957528957528996
credit,gaussian,sex,44,0.5265,0.4735,0.05394393116515028,2.7464097148891256,0.027464097148891226
credit,gaussian,marriage,44,0.5265,0.4735,0.5099457504520796,4.256494192185844,0.04256494192185847
credit,gaussian,age_quartile,44,0.5265,0.4735,0.35554197726994985,10.98363252375924,0.13365047518479406
credit,gaussian,sex,45,0.5965,0.4035,0.027476090128059627,1.638289962825279,0.01638289962825279
credit,gaussian,marriage,45,0.5965,0.4035,0.46796657381615603,8.603531598513015,0.08603531598513015
credit,gaussian,age_quartile,45,0.5965,0.4035,0.26584653878231856,7.921437422552663,0.13444919454770754
credit,gaussian,sex,46,0.6725,0.3275,0.0013333333333332975,0.0954198473282486,0.0009541984732824582
credit,gaussian,marriage,46,0.6725,0.3275,0.1636363636363637,1.1198473282442722,0.011805343511450388
credit,gaussian,age_quartile,46,0.6725,0.3275,0.11090225563909772,5.613740458015265,0.056137404580152664
credit,gaussian,sex,47,0.5235,0.4765,0.030929160239505094,1.5653725078698888,0.015653725078698888
credit,gaussian,marriage,47,0.5235,0.4765,0.5652173913043479,4.345487932843644,0.043954879328436516
credit,gaussian,age_quartile,47,0.5235,0.4765,0.4280798191915865,14.192707240293812,0.14209758656873034
credit,gaussian,sex,48,0.515,0.485,0.030329088525529957,1.4835051546391753,0.014835051546391753
credit,gaussian,marriage,48,0.515,0.485,0.3162187210379982,3.472680412371132,0.03472680412371132
credit,gaussian,age_quartile,48,0.515,0.485,0.2400597349262647,6.193298969072164,0.06734536082474228
credit,gaussian,sex,49,0.5375,0.4625,0.004376480280094741,0.22972972972973293,0.002297297297297274
credit,gaussian,marriage,49,0.5375,0.4625,0.15698924731182795,3.2635135135135163,0.03263513513513515
credit,gaussian,age_quartile,49,0.5375,0.4625,0.0955734406438632,3.12027027027027,0.04117567567567565
credit,gaussian,sex,50,0.474,0.526,0.0019504097935470477,0.08935361216729776,0.0008935361216729776
credit,gaussian,marriage,50,0.474,0.526,0.5844155844155845,2.3418250950570374,0.025621673003802303
credit,gaussian,age_quartile,50,0.474,0.526,0.191132488170699,4.768250950570341,0.056726235741444864
credit,gaussian,sex,51,0.5635,0.4365,0.028600291467938632,1.5825887743413536,0.015825887743413536
credit,gaussian,marriage,51,0.5635,0.4365,0.44299065420560746,0.7955326460481027,0.007955326460481065
credit,gaussian,age_quartile,51,0.5635,0.4365,0.14339307303890197,5.586025200458189,0.0558602520045819
credit,vine,sex,42,0.765,0.235,0.0022257934314598993,0.22234042553191946,0.002223404255319167
credit,vine,marriage,42,0.765,0.235,0.050000000000000044,1.7734042553191498,0.017861702127659584
credit,vine,age_quartile,42,0.765,0.235,0.08592733787642037,4.562765957446807,0.05718085106382979
credit,vine,sex,43,0.676,0.324,0.01406479210759115,1.06604938271605,0.0106604938271605
credit,vine,marriage,43,0.676,0.324,0.19011213047910291,2.1364197530864217,0.021364197530864187
credit,vine,age_quartile,43,0.676,0.324,0.22640034503207718,11.348148148148146,0.11348148148148149
credit,vine,sex,44,0.7125,0.2875,0.004727940779164608,0.3956521739130414,0.003956521739130414
credit,vine,marriage,44,0.7125,0.2875,0.12937853107344632,1.3152173913043463,0.013152173913043498
credit,vine,age_quartile,44,0.7125,0.2875,0.14351305260396163,7.8434782608695635,0.07843478260869562
credit,vine,sex,45,0.738,0.262,0.00609677271381448,0.5580152671755712,0.0055801526717557115
credit,vine,marriage,45,0.738,0.262,0.27783063748810655,3.1751908396946638,0.031751908396946624
credit,vine,age_quartile,45,0.738,0.262,0.18773317474477158,9.327862595419845,0.12455343511450379
credit,vine,sex,46,0.7365,0.2635,0.015279254046904889,1.3788425047438324,0.013788425047438296
credit,vine,marriage,46,0.7365,0.2635,0.16149068322981364,4.987096774193544,0.051473434535104355
credit,vine,age_quartile,46,0.7365,0.2635,0.0803022126281705,5.387571157495252,0.05387571157495255
credit,vine,sex,47,0.7725,0.2275,0.005868383028493462,0.6324175824175826,0.006324175824175798
credit,vine,marriage,47,0.7725,0.2275,0.23704520396912898,1.90274725274725,0.019027472527472486
credit,vine,age_quartile,47,0.7725,0.2275,0.16386554621848748,9.734065934065933,0.13957142857142857
credit,vine,sex,48,0.726,0.274,0.00813035276048013,0.7109489051094875,0.007109489051094875
credit,vine,marriage,48,0.726,0.274,0.29886363636363633,3.992700729927007,0.03992700729927011
credit,vine,age_quartile,48,0.726,0.274,0.2124636861044804,10.863868613138683,0.15403649635036493
credit,vine,sex,49,0.6935,0.3065,0.038162389446812495,2.9715334420880923,0.029715334420880923
credit,vine,marriage,49,0.6935,0.3065,0.317351598173516,1.5507340946166404,0.015507340946166447
credit,vine,age_quartile,49,0.6935,0.3065,0.13178095321076944,5.2185970636215355,0.05409380097879282
credit,vine,sex,50,0.702,0.298,0.0030881041994236247,0.247315436241613,0.0024731543624161023
credit,vine,marriage,50,0.702,0.298,0.5357142857142857,0.71107382550335,0.009077181208053672
credit,vine,age_quartile,50,0.702,0.298,0.07520726411369916,3.725838926174496,0.04485906040268456
credit,vine,sex,51,0.7035,0.2965,0.039077220177979544,3.1564080944350756,0.03156408094435073
credit,vine,marriage,51,0.7035,0.2965,0.5,3.6601180438448564,0.03710118043844853
credit,vine,age_quartile,51,0.7035,0.2965,0.13656451868712194,6.198397976391232,0.0619839797639123
credit,ctgan,sex,42,0.839,0.161,0.016139423336700043,2.411801242236028,0.024118012422360252
credit,ctgan,marriage,42,0.839,0.161,0.04064039408866993,0.9105590062111812,0.011183229813664586
credit,ctgan,age_quartile,42,0.839,0.161,0.18400746629335196,16.928260869565214,0.20515217391304347
credit,ctgan,sex,43,0.835,0.165,0.014537942526810399,2.0515151515151486,0.020515151515151486
credit,ctgan,marriage,43,0.835,0.165,0.10294831772459245,1.3439393939393973,0.013439393939393963
credit,ctgan,age_quartile,43,0.835,0.165,0.13499587312816885,12.022727272727273,0.13821212121212123
credit,ctgan,sex,44,0.813,0.187,0.018716497190245707,2.414705882352941,0.02414705882352941
credit,ctgan,marriage,44,0.813,0.187,0.13385861823361822,4.656684491978613,0.04656684491978613
credit,ctgan,age_quartile,44,0.813,0.187,0.21994262202257364,17.467914438502675,0.23188235294117648
credit,ctgan,sex,45,0.8435,0.1565,0.002441804356145716,0.3750798722044757,0.003750798722044729
credit,ctgan,marriage,45,0.8435,0.1565,0.1718009478672986,4.125878594249205,0.04125878594249202
credit,ctgan,age_quartile,45,0.8435,0.1565,0.13117165301688116,11.625079872204475,0.1414856230031949
credit,ctgan,sex,46,0.7755,0.2245,0.005688393929468294,0.5801781737193812,0.005801781737193784
credit,ctgan,marriage,46,0.7755,0.2245,0.057646345070589744,6.220267260579066,0.06283964365256126
credit,ctgan,age_quartile,46,0.7755,0.2245,0.029834193734819325,1.980734966592429,0.020204899777282834
credit,ctgan,sex,47,0.8055,0.1945,0.024628346320844208,3.0825192802056645,0.03082519280205659
credit,ctgan,marriage,47,0.8055,0.1945,0.2586206896551724,2.219408740359896,0.028194087403599008
credit,ctgan,age_quartile,47,0.8055,0.1945,0.08931506849315063,6.433161953727506,0.08854755784061696
credit,ctgan,sex,48,0.7975,0.2025,0.004137203614067109,0.5055555555555591,0.005055555555555591
credit,ctgan,marriage,48,0.7975,0.2025,0.1496598639455783,2.0271604938271572,0.022549382716049365
credit,ctgan,age_quartile,48,0.7975,0.2025,0.18967045958327178,11.781481481481482,0.11793827160493829
credit,ctgan,sex,49,0.819,0.181,0.027141373180253003,3.7135359116022117,0.03713535911602209
credit,ctgan,marriage,49,0.819,0.181,0.14572192513368987,1.9013812154696164,0.021875690607734845
credit,ctgan,age_quartile,49,0.819,0.181,0.06793801599941418,4.5204419889502745,0.05339779005524861
credit,ctgan,sex,50,0.853,0.147,0.008138224486378576,1.347278911564631,0.013472789115646283
credit,ctgan,marriage,50,0.853,0.147,0.0593507751937985,2.1414965986394585,0.021414965986394585
credit,ctgan,age_quartile,50,0.853,0.147,0.1395252673273073,13.032653061224488,0.16274489795918362
credit,ctgan,sex,51,0.8205,0.1795,0.0040196444075193405,0.5538997214484698,0.00553899721448467
credit,ctgan,marriage,51,0.8205,0.1795,0.1029411764705882,7.152924791086352,0.07460167130919218
credit,ctgan,age_quartile,51,0.8205,0.1795,0.1883486023020906,14.165041782729803,0.17931197771587742
credit,tvae,sex,42,0.4515,0.5485,0.0,0.0,0.0
credit,tvae,marriage,42,0.4515,0.5485,0.3094351565699817,10.605925250683681,0.1060592525068368
credit,tvae,age_quartile,42,0.4515,0.5485,0.8271378755849459,26.83742023701003,0.2683742023701003
credit,tvae,sex,43,0.3495,0.6505,0.10527921190279832,1.074442736356651,0.010744427363566504
credit,tvae,marriage,43,0.3495,0.6505,0.2206969593510439,8.272751729438898,0.08272751729438896
credit,tvae,age_quartile,43,0.3495,0.6505,0.8947707328760969,17.378401229823215,0.17378401229823215
credit,tvae,sex,44,0.235,0.765,0.23570712136409228,0.09215686274509803,0.000921568627450972
credit,tvae,marriage,44,0.235,0.765,0.34461462450592883,8.75294117647059,0.08752941176470587
credit,tvae,age_quartile,44,0.235,0.765,0.7794670099160946,15.96764705882353,0.18273529411764708
credit,tvae,sex,45,0.2265,0.7735,0.0,0.0,0.0
credit,tvae,marriage,45,0.2265,0.7735,0.25412805161431423,4.807110536522307,0.048071105365223035
credit,tvae,age_quartile,45,0.2265,0.7735,0.770893683840052,12.804395604395602,0.14691952165481575
credit,tvae,sex,46,0.525,0.475,0.0,0.0,0.0
credit,tvae,marriage,46,0.525,0.475,0.294949237590723,4.386842105263158,0.04386842105263157
credit,tvae,age_quartile,46,0.525,0.475,0.9233162201298387,36.871052631578955,0.36871052631578954
credit,tvae,sex,47,0.4425,0.5575,0.05778894472361806,0.051569506726457416,0.0005156950672645698
credit,tvae,marriage,47,0.4425,0.5575,0.13807874356979982,6.058071748878923,0.06058071748878924
credit,tvae,age_quartile,47,0.4425,0.5575,0.9007015306122449,20.82286995515695,0.223304932735426
credit,tvae,sex,48,0.2265,0.7735,0.150410429744085,0.3624434389140285,0.0036244343891402783
credit,tvae,marriage,48,0.2265,0.7735,0.12713711049988696,1.6538138332256036,0.01653813833225601
credit,tvae,age_quartile,48,0.2265,0.7735,0.5755603543452957,9.845539754363285,0.10527020038784746
credit,tvae,sex,49,0.2885,0.7115,0.5669441553936871,2.9864371047083624,0.029864371047083622
credit,tvae,marriage,49,0.2885,0.7115,0.5351141520136132,16.9720309205903,0.16972030920590297
credit,tvae,age_quartile,49,0.2885,0.7115,0.89315580092555,24.736296556570622,0.24736296556570622
credit,tvae,sex,50,0.3915,0.6085,0.0,0.0,0.0
credit,tvae,marriage,50,0.3915,0.6085,0.265686125683981,7.837838948233367,0.07837838948233362
credit,tvae,age_quartile,50,0.3915,0.6085,0.8547122032113125,23.095891536565322,0.23095891536565322
credit,tvae,sex,51,0.27,0.73,0.2153846153846154,0.7191780821917806,0.007191780821917772
credit,tvae,marriage,51,0.27,0.73,0.41116923704055985,5.181506849315076,0.05181506849315072
credit,tvae,age_quartile,51,0.27,0.73,0.5019981771015916,13.940410958904115,0.13940410958904112
